type,value,sha256,malware_family,file_name,file_type,first_seen,source
MD5,91912c07e3b6893dc8113e77b0923309,dc87cc13bad5c4cc715ace4737ac6f303994a68ec8a772067da9765d642e1b28,unknown,Launcher.exe,exe,2026-08-02 03:19:48,MalwareBazaar
SHA-1,eed9618dd94b86fe10990521889cabbedc6ea329,dc87cc13bad5c4cc715ace4737ac6f303994a68ec8a772067da9765d642e1b28,unknown,Launcher.exe,exe,2026-08-02 03:19:48,MalwareBazaar
SHA-256,dc87cc13bad5c4cc715ace4737ac6f303994a68ec8a772067da9765d642e1b28,dc87cc13bad5c4cc715ace4737ac6f303994a68ec8a772067da9765d642e1b28,unknown,Launcher.exe,exe,2026-08-02 03:19:48,MalwareBazaar
SHA3-384,5ed381da74e122514795370bb20e1d7cbe721866c79852b330e743f65d99f4d9fd307a15b9cf8af4716971b75ff74d8d,dc87cc13bad5c4cc715ace4737ac6f303994a68ec8a772067da9765d642e1b28,unknown,Launcher.exe,exe,2026-08-02 03:19:48,MalwareBazaar
IMPHASH,b34f154ec913d2d2c435cbd644e91687,dc87cc13bad5c4cc715ace4737ac6f303994a68ec8a772067da9765d642e1b28,unknown,Launcher.exe,exe,2026-08-02 03:19:48,MalwareBazaar
TLSH,T17308339403D69A9AC28BAFFD127F0FD3AD5A6EA0725D90BF03168432F1D546BC58D04B,dc87cc13bad5c4cc715ace4737ac6f303994a68ec8a772067da9765d642e1b28,unknown,Launcher.exe,exe,2026-08-02 03:19:48,MalwareBazaar
SSDEEP,1572864:ALdkgowUngb6LtGKXpIMFIABZI48z2Fi/S8JKBUmy+N5Xe6EfB777:A29ng6LQK5BaABZVPArg/bXeB777,dc87cc13bad5c4cc715ace4737ac6f303994a68ec8a772067da9765d642e1b28,unknown,Launcher.exe,exe,2026-08-02 03:19:48,MalwareBazaar
ICON-DHASH,b2a89c96a2cada72,dc87cc13bad5c4cc715ace4737ac6f303994a68ec8a772067da9765d642e1b28,unknown,Launcher.exe,exe,2026-08-02 03:19:48,MalwareBazaar
MD5,4b81cbcc057d46aa660722301d59efb5,068fa74e4843dd0a7fd1488f262281e9b6b0e19d67eb8d52b20d63fda158fd3e,unknown,Loader 9.0.11.exe,exe,2026-08-02 02:45:17,MalwareBazaar
SHA-1,96ff9e92dc4d60b8f00d743e0d2614fbff612788,068fa74e4843dd0a7fd1488f262281e9b6b0e19d67eb8d52b20d63fda158fd3e,unknown,Loader 9.0.11.exe,exe,2026-08-02 02:45:17,MalwareBazaar
SHA-256,068fa74e4843dd0a7fd1488f262281e9b6b0e19d67eb8d52b20d63fda158fd3e,068fa74e4843dd0a7fd1488f262281e9b6b0e19d67eb8d52b20d63fda158fd3e,unknown,Loader 9.0.11.exe,exe,2026-08-02 02:45:17,MalwareBazaar
SHA3-384,12f1216902b7d62d86f82a7e8fbac24b98c6ea3e974e1fd62aa846ef58a933a07235d2c4855eab0954cc5d8054cc3e39,068fa74e4843dd0a7fd1488f262281e9b6b0e19d67eb8d52b20d63fda158fd3e,unknown,Loader 9.0.11.exe,exe,2026-08-02 02:45:17,MalwareBazaar
IMPHASH,d42595b695fc008ef2c56aabd8efd68e,068fa74e4843dd0a7fd1488f262281e9b6b0e19d67eb8d52b20d63fda158fd3e,unknown,Loader 9.0.11.exe,exe,2026-08-02 02:45:17,MalwareBazaar
TLSH,T16BC6CF03ECA105E9C0A9E23589669653BB717C484B3527D73BA0F7382F76BD0AE79740,068fa74e4843dd0a7fd1488f262281e9b6b0e19d67eb8d52b20d63fda158fd3e,unknown,Loader 9.0.11.exe,exe,2026-08-02 02:45:17,MalwareBazaar
SSDEEP,196608:KID6ZjzrBZgrXnbxnV6mrRBVXeVTZy+YYs5V6:KID6ZDBirrtV6mFBVXeVly+Zs5V6,068fa74e4843dd0a7fd1488f262281e9b6b0e19d67eb8d52b20d63fda158fd3e,unknown,Loader 9.0.11.exe,exe,2026-08-02 02:45:17,MalwareBazaar
MD5,ed08687f974a1a19e3b8f76d1a7340d3,4d70c592117d87144a826f81b53227f2756fa93015ea251050418b7f28bfa449,Mirai,morte.x86_64,elf,2026-08-02 02:18:29,MalwareBazaar
SHA-1,6fd1a3d6e9b4f0b7c90f88371abf3049ff8d5e21,4d70c592117d87144a826f81b53227f2756fa93015ea251050418b7f28bfa449,Mirai,morte.x86_64,elf,2026-08-02 02:18:29,MalwareBazaar
SHA-256,4d70c592117d87144a826f81b53227f2756fa93015ea251050418b7f28bfa449,4d70c592117d87144a826f81b53227f2756fa93015ea251050418b7f28bfa449,Mirai,morte.x86_64,elf,2026-08-02 02:18:29,MalwareBazaar
SHA3-384,b9e6f96ca02850f3860b641dce151ce8a8c2b1ad1fd916d26a169f83a26fc6b13345114004fefe2a0ca0fcf5d1086122,4d70c592117d87144a826f81b53227f2756fa93015ea251050418b7f28bfa449,Mirai,morte.x86_64,elf,2026-08-02 02:18:29,MalwareBazaar
TLSH,T185B34B03B9C28DFDC046C034437FBA36D925F0EE1639B29B27F5EE266D0EE610A19955,4d70c592117d87144a826f81b53227f2756fa93015ea251050418b7f28bfa449,Mirai,morte.x86_64,elf,2026-08-02 02:18:29,MalwareBazaar
TELFHASH,t1342168703cce39e820d79738b25eeea5e57104210dd17da99d6b6ea9df0ab444c82085,4d70c592117d87144a826f81b53227f2756fa93015ea251050418b7f28bfa449,Mirai,morte.x86_64,elf,2026-08-02 02:18:29,MalwareBazaar
SSDEEP,3072:vEWK3B33zFmdUXAeJ+4gJeXzAt+lLnuJTjtOEV/YGkYGR:vEWK3R3hm2XAeJ+4gJeXZuxjpQO8,4d70c592117d87144a826f81b53227f2756fa93015ea251050418b7f28bfa449,Mirai,morte.x86_64,elf,2026-08-02 02:18:29,MalwareBazaar
MD5,69967cb243a863a0c8071189186dc969,ab901b2408ef39103a2b44eccb0dd49a6fe3ba895a2f00e0fb0cc9e71890739c,Mirai,morte.x86_64,elf,2026-08-02 02:17:48,MalwareBazaar
SHA-1,c8cfb8796fc0dbf34c3a151ad1961aeeab458fc8,ab901b2408ef39103a2b44eccb0dd49a6fe3ba895a2f00e0fb0cc9e71890739c,Mirai,morte.x86_64,elf,2026-08-02 02:17:48,MalwareBazaar
SHA-256,ab901b2408ef39103a2b44eccb0dd49a6fe3ba895a2f00e0fb0cc9e71890739c,ab901b2408ef39103a2b44eccb0dd49a6fe3ba895a2f00e0fb0cc9e71890739c,Mirai,morte.x86_64,elf,2026-08-02 02:17:48,MalwareBazaar
SHA3-384,ad476d511c624b562b41639574f617d64eaf645623987080700d6d24e0d01b96e5096bc530553bbed3634945d339c3a9,ab901b2408ef39103a2b44eccb0dd49a6fe3ba895a2f00e0fb0cc9e71890739c,Mirai,morte.x86_64,elf,2026-08-02 02:17:48,MalwareBazaar
TLSH,T12723F1B1C97FEFB0D439B8F18C486B8478ED655F5713875D249422A81EBBE205C12EE2,ab901b2408ef39103a2b44eccb0dd49a6fe3ba895a2f00e0fb0cc9e71890739c,Mirai,morte.x86_64,elf,2026-08-02 02:17:48,MalwareBazaar
SSDEEP,768:3DbdXXjWo86KJKMIw1tV+qWts83xxLFUGlkQNzEi/dyq49ld8N0sLFx05u:3DbdUbR5VAtt3349ldm5Au,ab901b2408ef39103a2b44eccb0dd49a6fe3ba895a2f00e0fb0cc9e71890739c,Mirai,morte.x86_64,elf,2026-08-02 02:17:48,MalwareBazaar
MD5,28868fd3d425b25c984f22855e311c1e,21d8e211fab585677e0cf843c6ec41f0718b8f5ef32aae102d57b2a5e078b0ab,Mirai,zero.mipsel,elf,2026-08-02 02:15:48,MalwareBazaar
SHA-1,663c38062e1f08fd1b6c924b095d59abf2b79d07,21d8e211fab585677e0cf843c6ec41f0718b8f5ef32aae102d57b2a5e078b0ab,Mirai,zero.mipsel,elf,2026-08-02 02:15:48,MalwareBazaar
SHA-256,21d8e211fab585677e0cf843c6ec41f0718b8f5ef32aae102d57b2a5e078b0ab,21d8e211fab585677e0cf843c6ec41f0718b8f5ef32aae102d57b2a5e078b0ab,Mirai,zero.mipsel,elf,2026-08-02 02:15:48,MalwareBazaar
SHA3-384,241e9c5514526d0ffcb8c4ef75ac8af8c46856ee5fec631b045a239fccc7b5e38b2c012944b1a3b2ea7eb861929812e6,21d8e211fab585677e0cf843c6ec41f0718b8f5ef32aae102d57b2a5e078b0ab,Mirai,zero.mipsel,elf,2026-08-02 02:15:48,MalwareBazaar
TLSH,T1B624EA0AAFA21EBBD8BFDE3305D9070538CC544722A57B397674C928F50EA4B5AD3C64,21d8e211fab585677e0cf843c6ec41f0718b8f5ef32aae102d57b2a5e078b0ab,Mirai,zero.mipsel,elf,2026-08-02 02:15:48,MalwareBazaar
SSDEEP,3072:ARz+86yRSMqPAnpGl4SpWhVClJH/4Y3WYC:ARz+hiSMqPAElLpWnCX/40WY,21d8e211fab585677e0cf843c6ec41f0718b8f5ef32aae102d57b2a5e078b0ab,Mirai,zero.mipsel,elf,2026-08-02 02:15:48,MalwareBazaar
MD5,dae117de34af609ce1c10aa6aa762632,5ce18989a7bdc92129e04ccee765ff3b1edcc3f0f7f08dc5f6755958b5a70d87,Mirai,zero.mipsel,elf,2026-08-02 02:15:15,MalwareBazaar
SHA-1,e03bf38c520709fe59aea4ca7068ecf7557a4de0,5ce18989a7bdc92129e04ccee765ff3b1edcc3f0f7f08dc5f6755958b5a70d87,Mirai,zero.mipsel,elf,2026-08-02 02:15:15,MalwareBazaar
SHA-256,5ce18989a7bdc92129e04ccee765ff3b1edcc3f0f7f08dc5f6755958b5a70d87,5ce18989a7bdc92129e04ccee765ff3b1edcc3f0f7f08dc5f6755958b5a70d87,Mirai,zero.mipsel,elf,2026-08-02 02:15:15,MalwareBazaar
SHA3-384,679f74a69cc3881853e1a61ff7af00b0b2c7db870035a0bf350b8a22bdc3bc5772e85c79c8c0585d048d7a202ad16756,5ce18989a7bdc92129e04ccee765ff3b1edcc3f0f7f08dc5f6755958b5a70d87,Mirai,zero.mipsel,elf,2026-08-02 02:15:15,MalwareBazaar
TLSH,T15353F1D9DDEBFC2BC92E6DF981B86F28785840597CC6DBDFA3104A48D528B0DB029065,5ce18989a7bdc92129e04ccee765ff3b1edcc3f0f7f08dc5f6755958b5a70d87,Mirai,zero.mipsel,elf,2026-08-02 02:15:15,MalwareBazaar
SSDEEP,1536:11daLQpNtfDuePWu5dw9Jfz1+m5i+1cflqJAzdw:MQpN5oSk+P+y8ezi,5ce18989a7bdc92129e04ccee765ff3b1edcc3f0f7f08dc5f6755958b5a70d87,Mirai,zero.mipsel,elf,2026-08-02 02:15:15,MalwareBazaar
MD5,8bf1b48138aecfd39dd241f7f515578a,a51580aade05f548b87eaf1dd98e4004330dbdcd8822a6405588944c57a8d33a,unknown,p,sh,2026-08-02 02:15:14,MalwareBazaar
SHA-1,418469b90afbade1081e050b10a0a23ad90f3302,a51580aade05f548b87eaf1dd98e4004330dbdcd8822a6405588944c57a8d33a,unknown,p,sh,2026-08-02 02:15:14,MalwareBazaar
SHA-256,a51580aade05f548b87eaf1dd98e4004330dbdcd8822a6405588944c57a8d33a,a51580aade05f548b87eaf1dd98e4004330dbdcd8822a6405588944c57a8d33a,unknown,p,sh,2026-08-02 02:15:14,MalwareBazaar
SHA3-384,c95a49c1de8692d14d95cdebb23738d357062f5d32ee652923356a2d1120dfbd1be509ea51cf01c8ee947d34b78e8efe,a51580aade05f548b87eaf1dd98e4004330dbdcd8822a6405588944c57a8d33a,unknown,p,sh,2026-08-02 02:15:14,MalwareBazaar
TLSH,T19B016BC693649910801A995E22E651E1FC31C3C7254E4F787F9C682DABDCE14F16BF98,a51580aade05f548b87eaf1dd98e4004330dbdcd8822a6405588944c57a8d33a,unknown,p,sh,2026-08-02 02:15:14,MalwareBazaar
SSDEEP,24:kXCKysE2hi0ziQvZohaxMmF2AFuN1i0Xsj7d/tTlGN7:e9Qp+MsxvF2AIwPjhtTlM7,a51580aade05f548b87eaf1dd98e4004330dbdcd8822a6405588944c57a8d33a,unknown,p,sh,2026-08-02 02:15:14,MalwareBazaar
MD5,0aa6b428b61c90d4295fa729ff95baea,736e09c587ec9320b96517f32378c1e8770ad15490d72a5113a8a62040a82166,Mirai,zero.sparc,elf,2026-08-02 02:12:30,MalwareBazaar
SHA-1,bfda8a99beadc4704f768604c08be7f7f4226422,736e09c587ec9320b96517f32378c1e8770ad15490d72a5113a8a62040a82166,Mirai,zero.sparc,elf,2026-08-02 02:12:30,MalwareBazaar
SHA-256,736e09c587ec9320b96517f32378c1e8770ad15490d72a5113a8a62040a82166,736e09c587ec9320b96517f32378c1e8770ad15490d72a5113a8a62040a82166,Mirai,zero.sparc,elf,2026-08-02 02:12:30,MalwareBazaar
SHA3-384,decea1797975b142eaa070f660c9abbfdc0fa528fbd6dc88ba058f4ab9b6fddd0311559c1a288e41f06aac3e0136828c,736e09c587ec9320b96517f32378c1e8770ad15490d72a5113a8a62040a82166,Mirai,zero.sparc,elf,2026-08-02 02:12:30,MalwareBazaar
TLSH,T16963B61AEE786A26C5D0217604E34911E97263ED1BBCA68F7EA72C0DDD15360303DEDE,736e09c587ec9320b96517f32378c1e8770ad15490d72a5113a8a62040a82166,Mirai,zero.sparc,elf,2026-08-02 02:12:30,MalwareBazaar
TELFHASH,t133e06801ecbd475c89e79a74cc9c06a0d402222290670f20df00d9e4c83f450f308d9a,736e09c587ec9320b96517f32378c1e8770ad15490d72a5113a8a62040a82166,Mirai,zero.sparc,elf,2026-08-02 02:12:30,MalwareBazaar
SSDEEP,1536:ULDN+d8b7oiAENci0npZ1PsJY2hEEeFCu0cRlDd:ULxOENcX1PsJYQc1d,736e09c587ec9320b96517f32378c1e8770ad15490d72a5113a8a62040a82166,Mirai,zero.sparc,elf,2026-08-02 02:12:30,MalwareBazaar
MD5,e4b8aabe7d0636beb834053f87aecfd9,420dc609a9852388f9bf158e1fb7aa73032fbd7090e8217df1af504d613af30c,unknown,WSW0,sh,2026-08-02 02:11:17,MalwareBazaar
SHA-1,98caab35ee49bd4e459cdbaaa4b4863e6915ef15,420dc609a9852388f9bf158e1fb7aa73032fbd7090e8217df1af504d613af30c,unknown,WSW0,sh,2026-08-02 02:11:17,MalwareBazaar
SHA-256,420dc609a9852388f9bf158e1fb7aa73032fbd7090e8217df1af504d613af30c,420dc609a9852388f9bf158e1fb7aa73032fbd7090e8217df1af504d613af30c,unknown,WSW0,sh,2026-08-02 02:11:17,MalwareBazaar
SHA3-384,a8c1c52d84b135bf203448cd7ec431c1dec9e5a55b50bd265f38f6a70170f49d444977ac079d684327292b7c656c389a,420dc609a9852388f9bf158e1fb7aa73032fbd7090e8217df1af504d613af30c,unknown,WSW0,sh,2026-08-02 02:11:17,MalwareBazaar
TLSH,T13DD02EA2A06341B010928810F6D69800B184D36F4C55C619FA9354302F10284F0C93B8,420dc609a9852388f9bf158e1fb7aa73032fbd7090e8217df1af504d613af30c,unknown,WSW0,sh,2026-08-02 02:11:17,MalwareBazaar
SSDEEP,6:hTNpF5S7x1cnN3FIvCFpAulNXYq9DG+NjVsNXYrkJ:VNrM7xobIOpPiq9DGmKi2,420dc609a9852388f9bf158e1fb7aa73032fbd7090e8217df1af504d613af30c,unknown,WSW0,sh,2026-08-02 02:11:17,MalwareBazaar
MD5,f8e85cd9815e053b13ad568a6b479db0,7f49a17645cd8394dca58c67cb6c5ee810291f51111c632d67fb5d9c82bd1820,Mirai,morte.m68k,elf,2026-08-02 02:05:26,MalwareBazaar
SHA-1,4229b4f1c749e030bbf7f5cb847c82a2a19d1ad9,7f49a17645cd8394dca58c67cb6c5ee810291f51111c632d67fb5d9c82bd1820,Mirai,morte.m68k,elf,2026-08-02 02:05:26,MalwareBazaar
SHA-256,7f49a17645cd8394dca58c67cb6c5ee810291f51111c632d67fb5d9c82bd1820,7f49a17645cd8394dca58c67cb6c5ee810291f51111c632d67fb5d9c82bd1820,Mirai,morte.m68k,elf,2026-08-02 02:05:26,MalwareBazaar
SHA3-384,49d4ffc72cc5af20766e9f2ee93ec4e1612e5d1874130c90df2e9a05b966334276071b264186728f23545893594fd04c,7f49a17645cd8394dca58c67cb6c5ee810291f51111c632d67fb5d9c82bd1820,Mirai,morte.m68k,elf,2026-08-02 02:05:26,MalwareBazaar
TLSH,T100C33CCAB802CE7DF90FD5B644630D0AB935A3A156C31F26625BFDD3AD321A4BC12D85,7f49a17645cd8394dca58c67cb6c5ee810291f51111c632d67fb5d9c82bd1820,Mirai,morte.m68k,elf,2026-08-02 02:05:26,MalwareBazaar
SSDEEP,3072:WNU2AOGhTyN2r1YUgBUqzh3H1NWxM/R/bw:wUTOGhTyN2VUFV3VNlR/bw,7f49a17645cd8394dca58c67cb6c5ee810291f51111c632d67fb5d9c82bd1820,Mirai,morte.m68k,elf,2026-08-02 02:05:26,MalwareBazaar
MD5,8d32dffccefccfe6742a66f732a53257,c7bfdeeffd0c9c3bbcb017caa8c57ef83ddfb9743209c33099c08a1389f66698,Mirai,zero.powerpc,elf,2026-08-02 02:04:30,MalwareBazaar
SHA-1,969d1d266ff273742106f90583c6b689a999f7f8,c7bfdeeffd0c9c3bbcb017caa8c57ef83ddfb9743209c33099c08a1389f66698,Mirai,zero.powerpc,elf,2026-08-02 02:04:30,MalwareBazaar
SHA-256,c7bfdeeffd0c9c3bbcb017caa8c57ef83ddfb9743209c33099c08a1389f66698,c7bfdeeffd0c9c3bbcb017caa8c57ef83ddfb9743209c33099c08a1389f66698,Mirai,zero.powerpc,elf,2026-08-02 02:04:30,MalwareBazaar
SHA3-384,34976cac0eb2177d489d61e24ac2cf9e3061f8dc0fbc0b7ba88a53d68abec504b1ec87e937f61a21860832681db2b316,c7bfdeeffd0c9c3bbcb017caa8c57ef83ddfb9743209c33099c08a1389f66698,Mirai,zero.powerpc,elf,2026-08-02 02:04:30,MalwareBazaar
TLSH,T1ECF33B05734C004BE2A71EF03A3F6BE597EFDA9131F4A541295F9B4A8171A322986FCD,c7bfdeeffd0c9c3bbcb017caa8c57ef83ddfb9743209c33099c08a1389f66698,Mirai,zero.powerpc,elf,2026-08-02 02:04:30,MalwareBazaar
SSDEEP,1536:DRXrhoUlsUXqdbDGLXw9+K5TZLqxRRPvWn4lvpH/Vf1eqAvAAO0VA/6z0dTpfMzc:DRX3ad3EXw9+OLqx6wH9f7A0dAvE,c7bfdeeffd0c9c3bbcb017caa8c57ef83ddfb9743209c33099c08a1389f66698,Mirai,zero.powerpc,elf,2026-08-02 02:04:30,MalwareBazaar
MD5,876a2bcddcc21ac6a66ceffc437a77bd,fe95a35a549a6e1783f30a0727ad1b7823f7607775a34865336752a266ed304a,Mirai,zero.powerpc,elf,2026-08-02 02:03:33,MalwareBazaar
SHA-1,2620989e757f48c39f8cb49facc0a8836b7c9cd4,fe95a35a549a6e1783f30a0727ad1b7823f7607775a34865336752a266ed304a,Mirai,zero.powerpc,elf,2026-08-02 02:03:33,MalwareBazaar
SHA-256,fe95a35a549a6e1783f30a0727ad1b7823f7607775a34865336752a266ed304a,fe95a35a549a6e1783f30a0727ad1b7823f7607775a34865336752a266ed304a,Mirai,zero.powerpc,elf,2026-08-02 02:03:33,MalwareBazaar
SHA3-384,ca1c87fdfe064e6466f46b16bed3b0f5239222d60fae896b4ca90eb9eba4c67f85cd51492ad990464c7a4498bcc68a9c,fe95a35a549a6e1783f30a0727ad1b7823f7607775a34865336752a266ed304a,Mirai,zero.powerpc,elf,2026-08-02 02:03:33,MalwareBazaar
TLSH,T13443F2DD78C90DD9FFA79BBECD43C9C13B65C5ED17C59AD83390B2409507A889A02CA8,fe95a35a549a6e1783f30a0727ad1b7823f7607775a34865336752a266ed304a,Mirai,zero.powerpc,elf,2026-08-02 02:03:33,MalwareBazaar
SSDEEP,1536:oB9+SWw8JddOQNtrXEMgiQIytRdbeyJZt4u+qgw09P:oTkw8L9EMyIKRdbeKZt4u+qgwi,fe95a35a549a6e1783f30a0727ad1b7823f7607775a34865336752a266ed304a,Mirai,zero.powerpc,elf,2026-08-02 02:03:33,MalwareBazaar
MD5,2850bed410f3ef5bdd143567666c867e,78238dfbb4da6c6d8c04ba930deea29807c11d25e30bfd07e73d363603e57648,Mirai,morte.mips,elf,2026-08-02 02:01:16,MalwareBazaar
SHA-1,e1dcdb4a96cb80bb4f5c18a5a252698130a9c0d2,78238dfbb4da6c6d8c04ba930deea29807c11d25e30bfd07e73d363603e57648,Mirai,morte.mips,elf,2026-08-02 02:01:16,MalwareBazaar
SHA-256,78238dfbb4da6c6d8c04ba930deea29807c11d25e30bfd07e73d363603e57648,78238dfbb4da6c6d8c04ba930deea29807c11d25e30bfd07e73d363603e57648,Mirai,morte.mips,elf,2026-08-02 02:01:16,MalwareBazaar
SHA3-384,d635a25583ed68dd238be20ecb897aa4e199b1b3c6d8bd6e729f742838a86865f663a88b79319d37f97dec8774247a1d,78238dfbb4da6c6d8c04ba930deea29807c11d25e30bfd07e73d363603e57648,Mirai,morte.mips,elf,2026-08-02 02:01:16,MalwareBazaar
TLSH,T1DBE3E71E7E618F3DFBA9C23447B78E26965933C637E1C585D1ACDA001E6024E641FFA8,78238dfbb4da6c6d8c04ba930deea29807c11d25e30bfd07e73d363603e57648,Mirai,morte.mips,elf,2026-08-02 02:01:16,MalwareBazaar
TELFHASH,t1b7115e1c493822f097725c9d5aeeff72e5a030df46365e378e10e8a9ab6dd429d00c2c,78238dfbb4da6c6d8c04ba930deea29807c11d25e30bfd07e73d363603e57648,Mirai,morte.mips,elf,2026-08-02 02:01:16,MalwareBazaar
SSDEEP,3072:6F+6uk9hckUGXZy9q/uleW0AJsPQDLHFwLH6EDq0Rp6+P+po5C5DB1NjHm1X8AfV:6F+6uk9hckUGXZy9q/uleW0AJsPQDMH7,78238dfbb4da6c6d8c04ba930deea29807c11d25e30bfd07e73d363603e57648,Mirai,morte.mips,elf,2026-08-02 02:01:16,MalwareBazaar
MD5,fe7fc79a4f76b7315e045113eb0c8ed6,2df589b5d6f301f24a0102c34655d145a203c1281034394be4f6f9dbafd750de,Mirai,morte.mips,elf,2026-08-02 02:00:16,MalwareBazaar
SHA-1,8e9ce0f04dfb8ccc7e466136e70a63fde4a63d4e,2df589b5d6f301f24a0102c34655d145a203c1281034394be4f6f9dbafd750de,Mirai,morte.mips,elf,2026-08-02 02:00:16,MalwareBazaar
SHA-256,2df589b5d6f301f24a0102c34655d145a203c1281034394be4f6f9dbafd750de,2df589b5d6f301f24a0102c34655d145a203c1281034394be4f6f9dbafd750de,Mirai,morte.mips,elf,2026-08-02 02:00:16,MalwareBazaar
SHA3-384,e16bb91bb9b22ccfb7d3e121f9fc9b24852cdd22c859295faf6154337da5238ddd6386d5d4ba75691ee88d3d169491d1,2df589b5d6f301f24a0102c34655d145a203c1281034394be4f6f9dbafd750de,Mirai,morte.mips,elf,2026-08-02 02:00:16,MalwareBazaar
TLSH,T15423F1EE1F85C4FBC876E8F14A27A73805661EB19801DC9E75B0D9176AB75E4338D2C0,2df589b5d6f301f24a0102c34655d145a203c1281034394be4f6f9dbafd750de,Mirai,morte.mips,elf,2026-08-02 02:00:16,MalwareBazaar
SSDEEP,768:TufLsKvA6hQ4H29CmJj7PSuWMMqkq9ZO3RwrK4T9M/ApmJg/s0s9iKuRiKJgGlz5:Kf7Wa29CafSRokq9I3RwrK45M/AE2/sg,2df589b5d6f301f24a0102c34655d145a203c1281034394be4f6f9dbafd750de,Mirai,morte.mips,elf,2026-08-02 02:00:16,MalwareBazaar
MD5,d69b7cb1d24db0b23de76539a2265037,897a5c4077216fd9bb766b6a0b8fbd1c8af9c6a7550fabc74643363bdb477ef1,unknown,AI+File+Cleaner_1.0.5.xapk,xapk,2026-08-02 01:57:32,MalwareBazaar
SHA-256,897a5c4077216fd9bb766b6a0b8fbd1c8af9c6a7550fabc74643363bdb477ef1,897a5c4077216fd9bb766b6a0b8fbd1c8af9c6a7550fabc74643363bdb477ef1,unknown,AI+File+Cleaner_1.0.5.xapk,xapk,2026-08-02 01:57:32,MalwareBazaar
MD5,005f779a9116d7c06b92e4dcda352136,6364e72f4838a6e1c487a15f8b373a950d0830fa94a275cebf247dd4820da676,Mirai,morte.arm7,elf,2026-08-02 01:53:34,MalwareBazaar
SHA-1,5610a0d1f77309fe1c46b295a82466ad652bdd73,6364e72f4838a6e1c487a15f8b373a950d0830fa94a275cebf247dd4820da676,Mirai,morte.arm7,elf,2026-08-02 01:53:34,MalwareBazaar
SHA-256,6364e72f4838a6e1c487a15f8b373a950d0830fa94a275cebf247dd4820da676,6364e72f4838a6e1c487a15f8b373a950d0830fa94a275cebf247dd4820da676,Mirai,morte.arm7,elf,2026-08-02 01:53:34,MalwareBazaar
SHA3-384,dfb19ea7103dd8e9934c04516b170629afd2c9a4b7ca134716eda2ec9d9e0b5700c2188ba8ff8325f961303f967536bb,6364e72f4838a6e1c487a15f8b373a950d0830fa94a275cebf247dd4820da676,Mirai,morte.arm7,elf,2026-08-02 01:53:34,MalwareBazaar
TLSH,T18A145C46EA414E13C0D7137AB6AF424A333297A4D3DB73069D286FB43BC279E0E67645,6364e72f4838a6e1c487a15f8b373a950d0830fa94a275cebf247dd4820da676,Mirai,morte.arm7,elf,2026-08-02 01:53:34,MalwareBazaar
TELFHASH,t101311072933152266a61d914dcec97b2162dc7071288fe33df35849c141a49ee53bc1f,6364e72f4838a6e1c487a15f8b373a950d0830fa94a275cebf247dd4820da676,Mirai,morte.arm7,elf,2026-08-02 01:53:34,MalwareBazaar
SSDEEP,6144:fyL4oAzWZvkRlqaHjp7VcKBTLCMBkL93JgM/9Auug:fy89zWZ8RlqaHjp7VcKBPBIfZ/auR,6364e72f4838a6e1c487a15f8b373a950d0830fa94a275cebf247dd4820da676,Mirai,morte.arm7,elf,2026-08-02 01:53:34,MalwareBazaar
MD5,3adc827f1ef0aac9d6f1e8d8bb0a14e7,85938a1944c69e21ae3034e69ae7e6bee123204d15ccbf4bfdd9e90ea2ea2730,Mirai,morte.arm7,elf,2026-08-02 01:53:16,MalwareBazaar
SHA-1,4f0ebb49b8d64a083f71ae33051334ab72b8e33f,85938a1944c69e21ae3034e69ae7e6bee123204d15ccbf4bfdd9e90ea2ea2730,Mirai,morte.arm7,elf,2026-08-02 01:53:16,MalwareBazaar
SHA-256,85938a1944c69e21ae3034e69ae7e6bee123204d15ccbf4bfdd9e90ea2ea2730,85938a1944c69e21ae3034e69ae7e6bee123204d15ccbf4bfdd9e90ea2ea2730,Mirai,morte.arm7,elf,2026-08-02 01:53:16,MalwareBazaar
SHA3-384,c9092fd687263bd64afe07097b4f1fc929a94b9ac372afe3245ee294087b77f1fc239d8f159a7ca13f8cfb61e34afd4f,85938a1944c69e21ae3034e69ae7e6bee123204d15ccbf4bfdd9e90ea2ea2730,Mirai,morte.arm7,elf,2026-08-02 01:53:16,MalwareBazaar
TLSH,T1A7630259EB4634DBE9206AB2C47CD8A65B798B4C72571F930F4C87A8C978E132D1D80F,85938a1944c69e21ae3034e69ae7e6bee123204d15ccbf4bfdd9e90ea2ea2730,Mirai,morte.arm7,elf,2026-08-02 01:53:16,MalwareBazaar
SSDEEP,1536:ptMg4w5mHHtAP5DKEQZMbZyJC5OJKPcRq2/LUQrOr68ON1z:7fF5mHHtiM2bZWC5yKPcRqqLUYY69Z,85938a1944c69e21ae3034e69ae7e6bee123204d15ccbf4bfdd9e90ea2ea2730,Mirai,morte.arm7,elf,2026-08-02 01:53:16,MalwareBazaar
MD5,f91925b4a115c7c91fa23d8d194f44e5,01ee4d3f8cd104975fadd5282d27524e8c7f08335c01200434bb217a3be62917,unknown,lil,sh,2026-08-02 01:53:14,MalwareBazaar
SHA-1,dd7b4b54a1e56581c227a1f6f0cc531bb9b936db,01ee4d3f8cd104975fadd5282d27524e8c7f08335c01200434bb217a3be62917,unknown,lil,sh,2026-08-02 01:53:14,MalwareBazaar
SHA-256,01ee4d3f8cd104975fadd5282d27524e8c7f08335c01200434bb217a3be62917,01ee4d3f8cd104975fadd5282d27524e8c7f08335c01200434bb217a3be62917,unknown,lil,sh,2026-08-02 01:53:14,MalwareBazaar
SHA3-384,e36e1a3ec6300944395a17896efe403e4e8a230998eb0fe83234491dd0c7a0b06335f96adfaba0dd9249b817e6662934,01ee4d3f8cd104975fadd5282d27524e8c7f08335c01200434bb217a3be62917,unknown,lil,sh,2026-08-02 01:53:14,MalwareBazaar
TLSH,T1CA01ABCEE164881040DAD91D329B5594FC71C3CB164A4FB9BF6CA43ADB84E14B036FD8,01ee4d3f8cd104975fadd5282d27524e8c7f08335c01200434bb217a3be62917,unknown,lil,sh,2026-08-02 01:53:14,MalwareBazaar
SSDEEP,24:kXCKysE2hi0ziQvZohaCEX3NUyJp58yeE/F/uX:e9Qp+MsCEX3NXJkqN/uX,01ee4d3f8cd104975fadd5282d27524e8c7f08335c01200434bb217a3be62917,unknown,lil,sh,2026-08-02 01:53:14,MalwareBazaar
MD5,306993c1b784ba238ab3bf35df4dc737,4744701e8d7db089167a1709509f1f07c46323d85bdb48ba1d96921386507e1e,Mirai,morte.spc,elf,2026-08-02 01:50:28,MalwareBazaar
SHA-1,cf6c65203bf30c33277f64d7fa43b1480db01c95,4744701e8d7db089167a1709509f1f07c46323d85bdb48ba1d96921386507e1e,Mirai,morte.spc,elf,2026-08-02 01:50:28,MalwareBazaar
SHA-256,4744701e8d7db089167a1709509f1f07c46323d85bdb48ba1d96921386507e1e,4744701e8d7db089167a1709509f1f07c46323d85bdb48ba1d96921386507e1e,Mirai,morte.spc,elf,2026-08-02 01:50:28,MalwareBazaar
SHA3-384,42da4145b9db531359ce0d53b53f721e161412bd846858d5b7f4027125793e2aa7caa6c5cc604e9b9a86f174032993bf,4744701e8d7db089167a1709509f1f07c46323d85bdb48ba1d96921386507e1e,Mirai,morte.spc,elf,2026-08-02 01:50:28,MalwareBazaar
TLSH,T1CDB36D22B8391E27C4E0987B22F74766F1F657D914A8CA0E7E710E8EFF255503607AB4,4744701e8d7db089167a1709509f1f07c46323d85bdb48ba1d96921386507e1e,Mirai,morte.spc,elf,2026-08-02 01:50:28,MalwareBazaar
SSDEEP,1536:/B9LXhde/3t3H7XL3Tj0IfSLeNaNYfwr8vpdzvKtnnnW+r4eCHtCJmYm5XY8RJBL:JFahbe8v2nW+jIQJmYOoFc3,4744701e8d7db089167a1709509f1f07c46323d85bdb48ba1d96921386507e1e,Mirai,morte.spc,elf,2026-08-02 01:50:28,MalwareBazaar
MD5,89d6c46a455a89547ad989f25018ee2f,7861050378c2366c6ce197e14d464dfec5ad7e7a15aed97fba99e2a9bb870e91,Mirai,zero.m68k,elf,2026-08-02 01:49:15,MalwareBazaar
SHA-1,a39f9b2e5ace6b871a40e2b2ab215172b1a9d68e,7861050378c2366c6ce197e14d464dfec5ad7e7a15aed97fba99e2a9bb870e91,Mirai,zero.m68k,elf,2026-08-02 01:49:15,MalwareBazaar
SHA-256,7861050378c2366c6ce197e14d464dfec5ad7e7a15aed97fba99e2a9bb870e91,7861050378c2366c6ce197e14d464dfec5ad7e7a15aed97fba99e2a9bb870e91,Mirai,zero.m68k,elf,2026-08-02 01:49:15,MalwareBazaar
SHA3-384,3065968dde1bd9ffc492d7da168c16724e06c019c05e5d559097ee2895d73481d603d6aff34c344120348825c2960103,7861050378c2366c6ce197e14d464dfec5ad7e7a15aed97fba99e2a9bb870e91,Mirai,zero.m68k,elf,2026-08-02 01:49:15,MalwareBazaar
TLSH,T195041797FC00CEBEF41BE37644570A057130B7E145926B376663796BDD3E0A92823E8A,7861050378c2366c6ce197e14d464dfec5ad7e7a15aed97fba99e2a9bb870e91,Mirai,zero.m68k,elf,2026-08-02 01:49:15,MalwareBazaar
SSDEEP,3072:YNvHE8TimUgvkth2a8iHU6luxOg8AooVsjbioLSqRty4NODVp2:Mhimk2a8iHU6ox+AoxLly4CVp2,7861050378c2366c6ce197e14d464dfec5ad7e7a15aed97fba99e2a9bb870e91,Mirai,zero.m68k,elf,2026-08-02 01:49:15,MalwareBazaar
MD5,7d936fab5bf40ac4d251814d723c8fa9,9c5d705f07e17a4bf809d384c67630ec197ac11335747e068424067fde56a9d0,Mirai,debug,elf,2026-08-02 01:48:32,MalwareBazaar
SHA-1,d40e19637020b972b09a7fec9acc4beff2e8e364,9c5d705f07e17a4bf809d384c67630ec197ac11335747e068424067fde56a9d0,Mirai,debug,elf,2026-08-02 01:48:32,MalwareBazaar
SHA-256,9c5d705f07e17a4bf809d384c67630ec197ac11335747e068424067fde56a9d0,9c5d705f07e17a4bf809d384c67630ec197ac11335747e068424067fde56a9d0,Mirai,debug,elf,2026-08-02 01:48:32,MalwareBazaar
SHA3-384,33c225bdbefe362704f43f3cb83193f61a2495b7570c91296572c0a9b5fdaad4ec499dd4da9f45af5d74ef732748a0d0,9c5d705f07e17a4bf809d384c67630ec197ac11335747e068424067fde56a9d0,Mirai,debug,elf,2026-08-02 01:48:32,MalwareBazaar
TLSH,T143B36DC9F647D0F5EC5705302176FB37AE72E4BA2328DA83D3A89A327C21641D456B9C,9c5d705f07e17a4bf809d384c67630ec197ac11335747e068424067fde56a9d0,Mirai,debug,elf,2026-08-02 01:48:32,MalwareBazaar
TELFHASH,t1bb31c5fab77608d857c0a903e68eab31bd4d27bb25503aa306f76874351714190bbc79,9c5d705f07e17a4bf809d384c67630ec197ac11335747e068424067fde56a9d0,Mirai,debug,elf,2026-08-02 01:48:32,MalwareBazaar
SSDEEP,3072:7EqQwKemz+S5OCXUBta7ecz2mRsfJCmBD:4qQwKepSM5n3fJCmBD,9c5d705f07e17a4bf809d384c67630ec197ac11335747e068424067fde56a9d0,Mirai,debug,elf,2026-08-02 01:48:32,MalwareBazaar
MD5,fd30b15425790cf19291d8f703c49d28,09a0d0b2a3b5f7af9990075bb8ddf974b9233d8b94883f63f9660642753bd667,Mirai,debug,elf,2026-08-02 01:47:32,MalwareBazaar
SHA-1,eccc162ea9f37cc00d03bc31901e9f3c02cc4c8e,09a0d0b2a3b5f7af9990075bb8ddf974b9233d8b94883f63f9660642753bd667,Mirai,debug,elf,2026-08-02 01:47:32,MalwareBazaar
SHA-256,09a0d0b2a3b5f7af9990075bb8ddf974b9233d8b94883f63f9660642753bd667,09a0d0b2a3b5f7af9990075bb8ddf974b9233d8b94883f63f9660642753bd667,Mirai,debug,elf,2026-08-02 01:47:32,MalwareBazaar
SHA3-384,cd8246efca720287f30edb52941b63672ac14d0af7df9e564920befb70b34bd4f879dfc866ab7b4074eb39ebbe19c8b2,09a0d0b2a3b5f7af9990075bb8ddf974b9233d8b94883f63f9660642753bd667,Mirai,debug,elf,2026-08-02 01:47:32,MalwareBazaar
TLSH,T1002302778EB60362D0275138DE7DF28F0455118A60E2D4A7F29C723D499B7D522B0EE0,09a0d0b2a3b5f7af9990075bb8ddf974b9233d8b94883f63f9660642753bd667,Mirai,debug,elf,2026-08-02 01:47:32,MalwareBazaar
SSDEEP,768:LHcV4XqzbovGBNotOenQOuMX7tNy3wASxWIFnLsjkvCz2/jHE1X1X8YM+/SqovMn:0qqzbovGBN6bQ87tNZfxWIdpqzqjk1XD,09a0d0b2a3b5f7af9990075bb8ddf974b9233d8b94883f63f9660642753bd667,Mirai,debug,elf,2026-08-02 01:47:32,MalwareBazaar
MD5,d1d9c26eaf3d22b3c80ae8fd92e1b469,d86694d1cbdf7af6d65e8c362ab68b3bd18a6d6a5d882416704c2409e87e1b1e,Mirai,morte.i686,elf,2026-08-02 01:46:28,MalwareBazaar
SHA-1,74da7f7adb87cac8fb5a93adee5536b29689f1b3,d86694d1cbdf7af6d65e8c362ab68b3bd18a6d6a5d882416704c2409e87e1b1e,Mirai,morte.i686,elf,2026-08-02 01:46:28,MalwareBazaar
SHA-256,d86694d1cbdf7af6d65e8c362ab68b3bd18a6d6a5d882416704c2409e87e1b1e,d86694d1cbdf7af6d65e8c362ab68b3bd18a6d6a5d882416704c2409e87e1b1e,Mirai,morte.i686,elf,2026-08-02 01:46:28,MalwareBazaar
SHA3-384,1eedfd83a591bb049970159e8d72fde1ecd07edb910c0460d46bc728137acf3e4a295366091d4d79419fe245b92348a7,d86694d1cbdf7af6d65e8c362ab68b3bd18a6d6a5d882416704c2409e87e1b1e,Mirai,morte.i686,elf,2026-08-02 01:46:28,MalwareBazaar
TLSH,T174B34BC0F98B81F5C40B8C306166F63FCE31D5A95271DAADFF9A9F32DA776019502249,d86694d1cbdf7af6d65e8c362ab68b3bd18a6d6a5d882416704c2409e87e1b1e,Mirai,morte.i686,elf,2026-08-02 01:46:28,MalwareBazaar
TELFHASH,t1b13103b8f2750d9c9bc09503aa4e5730ad0ebe7b356036b909f73525357314262bcc39,d86694d1cbdf7af6d65e8c362ab68b3bd18a6d6a5d882416704c2409e87e1b1e,Mirai,morte.i686,elf,2026-08-02 01:46:28,MalwareBazaar
SSDEEP,3072:08iN7p8KcnM5NcN4IV6OZzrjU7GDCCgptWsRCGq:Yt8VnMvcN1Rdnq6PGq,d86694d1cbdf7af6d65e8c362ab68b3bd18a6d6a5d882416704c2409e87e1b1e,Mirai,morte.i686,elf,2026-08-02 01:46:28,MalwareBazaar
MD5,1cd5995ce10b309abf5f56e135dedb30,c0362bd243e87ca8fa0a5ec6eb3674ed57f30baf797b21043c2662f6f6d1db1e,Mirai,morte.i686,elf,2026-08-02 01:45:40,MalwareBazaar
SHA-1,455b468e3ddcbf3f6342a4b1f0d924cc5dafc60d,c0362bd243e87ca8fa0a5ec6eb3674ed57f30baf797b21043c2662f6f6d1db1e,Mirai,morte.i686,elf,2026-08-02 01:45:40,MalwareBazaar
SHA-256,c0362bd243e87ca8fa0a5ec6eb3674ed57f30baf797b21043c2662f6f6d1db1e,c0362bd243e87ca8fa0a5ec6eb3674ed57f30baf797b21043c2662f6f6d1db1e,Mirai,morte.i686,elf,2026-08-02 01:45:40,MalwareBazaar
SHA3-384,0e871a7ec4f4e5cd0dc3e57a43622e32bd41538d1ce286ce889c7af87032f41d4823096097c98f761ded15ef18893f83,c0362bd243e87ca8fa0a5ec6eb3674ed57f30baf797b21043c2662f6f6d1db1e,Mirai,morte.i686,elf,2026-08-02 01:45:40,MalwareBazaar
TLSH,T1E523F25262FDDA15DA2E067422DED4CA395CEC656B0C82F9CA88712F4434F353F298DE,c0362bd243e87ca8fa0a5ec6eb3674ed57f30baf797b21043c2662f6f6d1db1e,Mirai,morte.i686,elf,2026-08-02 01:45:40,MalwareBazaar
SSDEEP,768:zwbDYZ0ofy7ghK2QQdhSCXglDrm7zc59vnrDVDWMgan2JiRSsUmkjUJQzxov/+nL:z2YZ0Cy7ghMQPSSiDrm7459/11gaAXsc,c0362bd243e87ca8fa0a5ec6eb3674ed57f30baf797b21043c2662f6f6d1db1e,Mirai,morte.i686,elf,2026-08-02 01:45:40,MalwareBazaar
MD5,02fa135a4e092d843554640629e09e42,8aaf628e5e59c2260fc05f3528fe0c2699f739db14a0e6264f45dca4001a8377,Mirai,zero.aarch64,elf,2026-08-02 01:42:32,MalwareBazaar
SHA-1,c6a63fcff6ef48282ae94704bac7480409effcd1,8aaf628e5e59c2260fc05f3528fe0c2699f739db14a0e6264f45dca4001a8377,Mirai,zero.aarch64,elf,2026-08-02 01:42:32,MalwareBazaar
SHA-256,8aaf628e5e59c2260fc05f3528fe0c2699f739db14a0e6264f45dca4001a8377,8aaf628e5e59c2260fc05f3528fe0c2699f739db14a0e6264f45dca4001a8377,Mirai,zero.aarch64,elf,2026-08-02 01:42:32,MalwareBazaar
SHA3-384,6e916196432a960b0fa410fbd7588edcec09f1b4a4426c25d2bb1e5b0e2aecdc879da5df8d7c7c59b2b53f693b10a524,8aaf628e5e59c2260fc05f3528fe0c2699f739db14a0e6264f45dca4001a8377,Mirai,zero.aarch64,elf,2026-08-02 01:42:32,MalwareBazaar
TLSH,T152144A99FA0F6D42F1C7D2FCDE4D8BD13A1730E3D7368A656D0203EDDAA39995980902,8aaf628e5e59c2260fc05f3528fe0c2699f739db14a0e6264f45dca4001a8377,Mirai,zero.aarch64,elf,2026-08-02 01:42:32,MalwareBazaar
SSDEEP,3072:aM7gUMBfJfSQSf06/bzxNczlG7xhOuUKoA0zW7BymxZd6tPMxR+Rjq:S1ZE2zl47OKoA0zW7B78tPu+Rjq,8aaf628e5e59c2260fc05f3528fe0c2699f739db14a0e6264f45dca4001a8377,Mirai,zero.aarch64,elf,2026-08-02 01:42:32,MalwareBazaar
MD5,4440f18cc9fc01560eea0c0c1adb6acf,8f847d78922ffdcfe6e7373d8a0227d9d74544c55472d1dcde203ba845bbd896,Mirai,zero.aarch64,elf,2026-08-02 01:41:39,MalwareBazaar
SHA-1,bb5f51e126ee96abc010b922c0bb5ea7940029fd,8f847d78922ffdcfe6e7373d8a0227d9d74544c55472d1dcde203ba845bbd896,Mirai,zero.aarch64,elf,2026-08-02 01:41:39,MalwareBazaar
SHA-256,8f847d78922ffdcfe6e7373d8a0227d9d74544c55472d1dcde203ba845bbd896,8f847d78922ffdcfe6e7373d8a0227d9d74544c55472d1dcde203ba845bbd896,Mirai,zero.aarch64,elf,2026-08-02 01:41:39,MalwareBazaar
SHA3-384,a6da4abc42ddd60b9b0b9bcf59826f7257e2ede63c244d84b143419ba6bc841c775aeb792915f45a31e1aec6b2100f5e,8f847d78922ffdcfe6e7373d8a0227d9d74544c55472d1dcde203ba845bbd896,Mirai,zero.aarch64,elf,2026-08-02 01:41:39,MalwareBazaar
TLSH,T19C830214A7BE9D0AEB6EA3787C69500FA448AA6A1FEDE733EC4277C3D0408571334536,8f847d78922ffdcfe6e7373d8a0227d9d74544c55472d1dcde203ba845bbd896,Mirai,zero.aarch64,elf,2026-08-02 01:41:39,MalwareBazaar
SSDEEP,1536:2WNkuzbxERZqg254Y7D9gMQQWTtmuQKKOH5v4K1FdD0OJsSQrL:7kkxhfbSTTl5l13D0OJSv,8f847d78922ffdcfe6e7373d8a0227d9d74544c55472d1dcde203ba845bbd896,Mirai,zero.aarch64,elf,2026-08-02 01:41:39,MalwareBazaar
MD5,d2108a89ab1e70982dbbfa89cff3de81,ac795868b63b04ccd18e4070a5e021870ab81c2eb307f8bb04543220f6b0c371,Mirai,zero.armv6l,elf,2026-08-02 01:40:43,MalwareBazaar
SHA-1,99100e243802d2265bd54074fb2d8699d122d25f,ac795868b63b04ccd18e4070a5e021870ab81c2eb307f8bb04543220f6b0c371,Mirai,zero.armv6l,elf,2026-08-02 01:40:43,MalwareBazaar
SHA-256,ac795868b63b04ccd18e4070a5e021870ab81c2eb307f8bb04543220f6b0c371,ac795868b63b04ccd18e4070a5e021870ab81c2eb307f8bb04543220f6b0c371,Mirai,zero.armv6l,elf,2026-08-02 01:40:43,MalwareBazaar
SHA3-384,50d72fb28a9747cf7f700308293252b44883b5fd6089c3adf6695aeb7618b5f55d90e8433e6be0fbb58e28ace29ec00e,ac795868b63b04ccd18e4070a5e021870ab81c2eb307f8bb04543220f6b0c371,Mirai,zero.armv6l,elf,2026-08-02 01:40:43,MalwareBazaar
TLSH,T1A4F31B86BC814B01D1C215B6FE1D124E37135B78E3E972139E186B3D7B8ACBB0A3B955,ac795868b63b04ccd18e4070a5e021870ab81c2eb307f8bb04543220f6b0c371,Mirai,zero.armv6l,elf,2026-08-02 01:40:43,MalwareBazaar
TELFHASH,t1dbc08051fef0125c56c491950101a058f25031eb1e3136e74245c70b0eb1e457435503,ac795868b63b04ccd18e4070a5e021870ab81c2eb307f8bb04543220f6b0c371,Mirai,zero.armv6l,elf,2026-08-02 01:40:43,MalwareBazaar
SSDEEP,3072:RpjfE0nZ+B0+d2UVonPxBX9yFTaSMBWag1uKRpwAnmv3i:AU7+opBX0FTabBW9wAnmv3i,ac795868b63b04ccd18e4070a5e021870ab81c2eb307f8bb04543220f6b0c371,Mirai,zero.armv6l,elf,2026-08-02 01:40:43,MalwareBazaar
MD5,b4eb81e7d911e9c08dea7d16ba35d997,2ffbc8a866d557a4c5bc38138385f53f76495fdfc2e816c3c03a136fd4766132,Mirai,zero.armv6l,elf,2026-08-02 01:40:26,MalwareBazaar
SHA-1,80c83732233e3cf9a68e61b3ed41d17ccb4f7572,2ffbc8a866d557a4c5bc38138385f53f76495fdfc2e816c3c03a136fd4766132,Mirai,zero.armv6l,elf,2026-08-02 01:40:26,MalwareBazaar
SHA-256,2ffbc8a866d557a4c5bc38138385f53f76495fdfc2e816c3c03a136fd4766132,2ffbc8a866d557a4c5bc38138385f53f76495fdfc2e816c3c03a136fd4766132,Mirai,zero.armv6l,elf,2026-08-02 01:40:26,MalwareBazaar
SHA3-384,544f5aecb3b83d2b9a3bee3e3c91119b0def2a4b3a231c3ea3c7b4466ff3ab5e270976efd53a51e7f2476fcf294d6659,2ffbc8a866d557a4c5bc38138385f53f76495fdfc2e816c3c03a136fd4766132,Mirai,zero.armv6l,elf,2026-08-02 01:40:26,MalwareBazaar
TLSH,T1654302A325822533C420887EFE1A00D31E5686B945CD75B75211BB88F6C7F8B9EFB197,2ffbc8a866d557a4c5bc38138385f53f76495fdfc2e816c3c03a136fd4766132,Mirai,zero.armv6l,elf,2026-08-02 01:40:26,MalwareBazaar
SSDEEP,1536:xjsyC2yFBgrpbucuWSpTuXS6qf9MXM+XjciN6iLQ:xjfFT8EqfSMZY5LQ,2ffbc8a866d557a4c5bc38138385f53f76495fdfc2e816c3c03a136fd4766132,Mirai,zero.armv6l,elf,2026-08-02 01:40:26,MalwareBazaar
MD5,b9bae4c61ed64c58ff5081ceb63db469,2b84a52a2d4d954bbe37342a8575d735808d520972662de903edeb8e62ea0076,Mirai,morte.arc,elf,2026-08-02 01:40:25,MalwareBazaar
SHA-1,a3583127a1ad497010a02dd16d58e949f29ab760,2b84a52a2d4d954bbe37342a8575d735808d520972662de903edeb8e62ea0076,Mirai,morte.arc,elf,2026-08-02 01:40:25,MalwareBazaar
SHA-256,2b84a52a2d4d954bbe37342a8575d735808d520972662de903edeb8e62ea0076,2b84a52a2d4d954bbe37342a8575d735808d520972662de903edeb8e62ea0076,Mirai,morte.arc,elf,2026-08-02 01:40:25,MalwareBazaar
SHA3-384,6114f5bc89230d1bfb4ba9ef77f3d3e3f3c50aadcccdb0fad21cfd05f22db7a47055b20eb95a3a0bdc791a039321300f,2b84a52a2d4d954bbe37342a8575d735808d520972662de903edeb8e62ea0076,Mirai,morte.arc,elf,2026-08-02 01:40:25,MalwareBazaar
TLSH,T188D3AEA7F74721D1C86306F407CB4BDD2E6322829F6B98E7BC5F653B197A0DA0502B91,2b84a52a2d4d954bbe37342a8575d735808d520972662de903edeb8e62ea0076,Mirai,morte.arc,elf,2026-08-02 01:40:25,MalwareBazaar
SSDEEP,3072:UsyHPBOg+J6eBAR9cWutBXBduCugbBbq:Upj+fLf/zxbq,2b84a52a2d4d954bbe37342a8575d735808d520972662de903edeb8e62ea0076,Mirai,morte.arc,elf,2026-08-02 01:40:25,MalwareBazaar
MD5,528e36d1010cf423310230fb686725b4,bde905ff9a0748dc6f31b52b99b712c5b410b49843729e4932b647c15707fea1,unknown,a.sh,sh,2026-08-02 01:40:23,MalwareBazaar
SHA-1,a137876efda162b1a42342db0a71e4f81f3c0ef3,bde905ff9a0748dc6f31b52b99b712c5b410b49843729e4932b647c15707fea1,unknown,a.sh,sh,2026-08-02 01:40:23,MalwareBazaar
SHA-256,bde905ff9a0748dc6f31b52b99b712c5b410b49843729e4932b647c15707fea1,bde905ff9a0748dc6f31b52b99b712c5b410b49843729e4932b647c15707fea1,unknown,a.sh,sh,2026-08-02 01:40:23,MalwareBazaar
SHA3-384,0e7ba1f7b01f2a45445559d0e29075d8d3db916cb0159557f0c9e18a89e55360afc348aa014a49b0adcb1928b90f702a,bde905ff9a0748dc6f31b52b99b712c5b410b49843729e4932b647c15707fea1,unknown,a.sh,sh,2026-08-02 01:40:23,MalwareBazaar
TLSH,T1C411DAAF045429AED6138903F274E33EF31B7FAD7EBA3B08C7856653A448440317298D,bde905ff9a0748dc6f31b52b99b712c5b410b49843729e4932b647c15707fea1,unknown,a.sh,sh,2026-08-02 01:40:23,MalwareBazaar
SSDEEP,24:5XQ9EteE+pTUVUTBTfVFTYpEXcEwpES/E9pKojEEJDEiurRwFRXCdRXnRwqqRwGz:emL+5aUxdNYyDwyh9kticw7XCTXRwq0P,bde905ff9a0748dc6f31b52b99b712c5b410b49843729e4932b647c15707fea1,unknown,a.sh,sh,2026-08-02 01:40:23,MalwareBazaar
MD5,66f17e49bbe51c35f29da2c1d53a4bce,50a42309a5fb81a08d92811ef90568d4ae67101690f430a1208feba3ca67ef40,unknown,k.php,sh,2026-08-02 01:33:39,MalwareBazaar
SHA-1,6824b380ed0abdb3c41446b43b0924b07dd7170f,50a42309a5fb81a08d92811ef90568d4ae67101690f430a1208feba3ca67ef40,unknown,k.php,sh,2026-08-02 01:33:39,MalwareBazaar
SHA-256,50a42309a5fb81a08d92811ef90568d4ae67101690f430a1208feba3ca67ef40,50a42309a5fb81a08d92811ef90568d4ae67101690f430a1208feba3ca67ef40,unknown,k.php,sh,2026-08-02 01:33:39,MalwareBazaar
SHA3-384,261aae2ead8358d9bf5e9cbaa726c8a6918e931a68756af4f7b2ff66af7229ab3b3a58935af646ed02ee8de9a58456fe,50a42309a5fb81a08d92811ef90568d4ae67101690f430a1208feba3ca67ef40,unknown,k.php,sh,2026-08-02 01:33:39,MalwareBazaar
TLSH,T135236C6516857C14AE98C4375C7E2F0CB9AD43E6314492EE7FCA3CF28C4A6ADA20875D,50a42309a5fb81a08d92811ef90568d4ae67101690f430a1208feba3ca67ef40,unknown,k.php,sh,2026-08-02 01:33:39,MalwareBazaar
SSDEEP,768:ATr9NyXsZztCI9GKYpr9GKYp82fkR4nnA9GKYpr9GKYp82fkR4nnS:AnHusZQcr,50a42309a5fb81a08d92811ef90568d4ae67101690f430a1208feba3ca67ef40,unknown,k.php,sh,2026-08-02 01:33:39,MalwareBazaar
MD5,0867673d1f227dee386a8078edfcab04,0976602bea0da4814b69d1985b4fb488ecca41574d037dd64a6f55ba65c0b69b,unknown,k.php,sh,2026-08-02 01:31:17,MalwareBazaar
SHA-1,a6308d725c0f4c10a6614cd2b6b20b83e4494c5a,0976602bea0da4814b69d1985b4fb488ecca41574d037dd64a6f55ba65c0b69b,unknown,k.php,sh,2026-08-02 01:31:17,MalwareBazaar
SHA-256,0976602bea0da4814b69d1985b4fb488ecca41574d037dd64a6f55ba65c0b69b,0976602bea0da4814b69d1985b4fb488ecca41574d037dd64a6f55ba65c0b69b,unknown,k.php,sh,2026-08-02 01:31:17,MalwareBazaar
SHA3-384,9b644a076cc9fccfd72e6ba956c7b6781533f39b6839471a0ecee66bfd6c507228deca6c0be766411908f15f31e5be25,0976602bea0da4814b69d1985b4fb488ecca41574d037dd64a6f55ba65c0b69b,unknown,k.php,sh,2026-08-02 01:31:17,MalwareBazaar
TLSH,T1CC237D552A857C14AA98C4371D7E2F0CB9AD43E6320452ED7FCF3CF68C4A69DA11871D,0976602bea0da4814b69d1985b4fb488ecca41574d037dd64a6f55ba65c0b69b,unknown,k.php,sh,2026-08-02 01:31:17,MalwareBazaar
SSDEEP,768:XXOGVv59GKYpr9GKYp82fkR4nnA9GKYpr9GKYp82fkR4nnS:nLKcr,0976602bea0da4814b69d1985b4fb488ecca41574d037dd64a6f55ba65c0b69b,unknown,k.php,sh,2026-08-02 01:31:17,MalwareBazaar
MD5,0ffe3f1d758e5f29323b1e7e978c3ab2,d67edc48b43fc48a0b399d5144bb5d3d0862e77065117fe10f7822a70daa1d96,Mirai,zero.x86_64,elf,2026-08-02 01:29:24,MalwareBazaar
SHA-1,89a6132d864b4b1c3b2ea677f3b13dff83d59d27,d67edc48b43fc48a0b399d5144bb5d3d0862e77065117fe10f7822a70daa1d96,Mirai,zero.x86_64,elf,2026-08-02 01:29:24,MalwareBazaar
SHA-256,d67edc48b43fc48a0b399d5144bb5d3d0862e77065117fe10f7822a70daa1d96,d67edc48b43fc48a0b399d5144bb5d3d0862e77065117fe10f7822a70daa1d96,Mirai,zero.x86_64,elf,2026-08-02 01:29:24,MalwareBazaar
SHA3-384,41bd89bfb2277eafe54af7b65cfa48c4c78540b645fdde3c88c22b4f8b47ee1d611de6ff949d2344fdc0c8a017bce26d,d67edc48b43fc48a0b399d5144bb5d3d0862e77065117fe10f7822a70daa1d96,Mirai,zero.x86_64,elf,2026-08-02 01:29:24,MalwareBazaar
TLSH,T1A1F33A0ABCC054FEC489C2748AADB532ED32B45E5134B6AB27C06E323D8DE61BE5D751,d67edc48b43fc48a0b399d5144bb5d3d0862e77065117fe10f7822a70daa1d96,Mirai,zero.x86_64,elf,2026-08-02 01:29:24,MalwareBazaar
TELFHASH,t1c451be302c46398c62e7ab55724feeaee87309100de1b4e4ee2b7ae4ce477c84d43091,d67edc48b43fc48a0b399d5144bb5d3d0862e77065117fe10f7822a70daa1d96,Mirai,zero.x86_64,elf,2026-08-02 01:29:24,MalwareBazaar
SSDEEP,3072:M6iSdcPSM+K2hwDAbHbDtYbBIeEW+9i9rYK6brE+BSF73:viSdcPSLASY+9BPCV3,d67edc48b43fc48a0b399d5144bb5d3d0862e77065117fe10f7822a70daa1d96,Mirai,zero.x86_64,elf,2026-08-02 01:29:24,MalwareBazaar
MD5,b43751c96113fdf46282a1bf5b758467,1bf6ad02a9a9417479c27e67072b6aa54571709e7ef0b9304dfb92bddd1f109f,unknown,wr.php,sh,2026-08-02 01:28:31,MalwareBazaar
SHA-1,fd93f755b2a458feb0410a913f83958123c46370,1bf6ad02a9a9417479c27e67072b6aa54571709e7ef0b9304dfb92bddd1f109f,unknown,wr.php,sh,2026-08-02 01:28:31,MalwareBazaar
SHA-256,1bf6ad02a9a9417479c27e67072b6aa54571709e7ef0b9304dfb92bddd1f109f,1bf6ad02a9a9417479c27e67072b6aa54571709e7ef0b9304dfb92bddd1f109f,unknown,wr.php,sh,2026-08-02 01:28:31,MalwareBazaar
SHA3-384,e1bb4d3b7a5b894464da28a280bc7f519bd05a67351e8236c2eab164898375cd4a5e02a018a3e64c2bef1abc99c3b980,1bf6ad02a9a9417479c27e67072b6aa54571709e7ef0b9304dfb92bddd1f109f,unknown,wr.php,sh,2026-08-02 01:28:31,MalwareBazaar
TLSH,T139C28D956A867C44BDC98A3E4CBD2B1D6DF5C3D1224942AC3D8B3C71DC12FACD618B1A,1bf6ad02a9a9417479c27e67072b6aa54571709e7ef0b9304dfb92bddd1f109f,unknown,wr.php,sh,2026-08-02 01:28:31,MalwareBazaar
SSDEEP,768:O8vCB+25j6es8RDZ9FYpMSUpi+20qUpi+20YQX:O8l25JD/d2QX,1bf6ad02a9a9417479c27e67072b6aa54571709e7ef0b9304dfb92bddd1f109f,unknown,wr.php,sh,2026-08-02 01:28:31,MalwareBazaar
MD5,bd4e47f7394893dcf0f9c759e05a0b8d,28a16751269feab605a0df2ace7b0023cfc439947ce9b23ebda0675b88bd4dbd,Mirai,zero.x86_64,elf,2026-08-02 01:28:30,MalwareBazaar
SHA-1,e1e5588d55a9e47e80ee36280315f04ba093dc38,28a16751269feab605a0df2ace7b0023cfc439947ce9b23ebda0675b88bd4dbd,Mirai,zero.x86_64,elf,2026-08-02 01:28:30,MalwareBazaar
SHA-256,28a16751269feab605a0df2ace7b0023cfc439947ce9b23ebda0675b88bd4dbd,28a16751269feab605a0df2ace7b0023cfc439947ce9b23ebda0675b88bd4dbd,Mirai,zero.x86_64,elf,2026-08-02 01:28:30,MalwareBazaar
SHA3-384,2f56b8384dc110c649c62d39dae1667d64ff19839c130ab8bf131a597a51364c1631bffb0ccccba67f17b8a44d35c3db,28a16751269feab605a0df2ace7b0023cfc439947ce9b23ebda0675b88bd4dbd,Mirai,zero.x86_64,elf,2026-08-02 01:28:30,MalwareBazaar
TLSH,T13D43F2722466EBBCF72B6B7E5648B240C8371A32A51B2EEE54511167067FFE11C0CAD2,28a16751269feab605a0df2ace7b0023cfc439947ce9b23ebda0675b88bd4dbd,Mirai,zero.x86_64,elf,2026-08-02 01:28:30,MalwareBazaar
SSDEEP,1536:G10HkpCfuso6bUkL+hSSsVaKCUrB864dxW:GN4Ho6TKZKNVtUW,28a16751269feab605a0df2ace7b0023cfc439947ce9b23ebda0675b88bd4dbd,Mirai,zero.x86_64,elf,2026-08-02 01:28:30,MalwareBazaar
MD5,f7e9661e0b26e3494d3b61dc74e68887,9651658cdd06bf43195524fe79ba39488d96c971bc5c3ac822f2a6abd9f33855,Mirai,zero.sh4,elf,2026-08-02 01:27:17,MalwareBazaar
SHA-1,8292bb3bf68f3c8fbe166db729717c0c8765d4de,9651658cdd06bf43195524fe79ba39488d96c971bc5c3ac822f2a6abd9f33855,Mirai,zero.sh4,elf,2026-08-02 01:27:17,MalwareBazaar
SHA-256,9651658cdd06bf43195524fe79ba39488d96c971bc5c3ac822f2a6abd9f33855,9651658cdd06bf43195524fe79ba39488d96c971bc5c3ac822f2a6abd9f33855,Mirai,zero.sh4,elf,2026-08-02 01:27:17,MalwareBazaar
SHA3-384,ca0938815686b2ff62037878aac4d5a5c69434c37fa550e14dc0c32b66cb46724e606e8b5e3fa5c967edd5cf18c40878,9651658cdd06bf43195524fe79ba39488d96c971bc5c3ac822f2a6abd9f33855,Mirai,zero.sh4,elf,2026-08-02 01:27:17,MalwareBazaar
TLSH,T1C2E36D22CC356E9CE036ED31603C8ABA172394E4540B9EBA3967C3714057DD9F996BF8,9651658cdd06bf43195524fe79ba39488d96c971bc5c3ac822f2a6abd9f33855,Mirai,zero.sh4,elf,2026-08-02 01:27:17,MalwareBazaar
SSDEEP,3072:9HdzG5SM8ZpZq1YgDMkiiCaykjMWiuU5RWoyo40Y7:9p8SM8ZLq1YgDMkShkjM5P8oF40Y7,9651658cdd06bf43195524fe79ba39488d96c971bc5c3ac822f2a6abd9f33855,Mirai,zero.sh4,elf,2026-08-02 01:27:17,MalwareBazaar
MD5,e5fa023db639e70cbdfa68149fc7416c,6baeb67d22fa275bd2426180e5fe051ac1831c050db47d8fb89640813d4f4afa,Mirai,morte.arm5,elf,2026-08-02 01:22:29,MalwareBazaar
SHA-1,8b59412e0b6d3c11e488a503971ea173493d66b9,6baeb67d22fa275bd2426180e5fe051ac1831c050db47d8fb89640813d4f4afa,Mirai,morte.arm5,elf,2026-08-02 01:22:29,MalwareBazaar
SHA-256,6baeb67d22fa275bd2426180e5fe051ac1831c050db47d8fb89640813d4f4afa,6baeb67d22fa275bd2426180e5fe051ac1831c050db47d8fb89640813d4f4afa,Mirai,morte.arm5,elf,2026-08-02 01:22:29,MalwareBazaar
SHA3-384,7c7762fa1198d8f43e284b95d8f3811e71d6995f2c95b5eb3f3ac8d76b2d87ad9002cb238df4be56c59bd10afb40cc03,6baeb67d22fa275bd2426180e5fe051ac1831c050db47d8fb89640813d4f4afa,Mirai,morte.arm5,elf,2026-08-02 01:22:29,MalwareBazaar
TLSH,T16283F682F8828A2AC2D4237AE66F658E3761B3E5D2DF7517CD204B123B8511F0D67E91,6baeb67d22fa275bd2426180e5fe051ac1831c050db47d8fb89640813d4f4afa,Mirai,morte.arm5,elf,2026-08-02 01:22:29,MalwareBazaar
TELFHASH,t10fe06140fe764b1884e75a34ecdd47b495116217a1664710cf54daf0883f15ca71cd5e,6baeb67d22fa275bd2426180e5fe051ac1831c050db47d8fb89640813d4f4afa,Mirai,morte.arm5,elf,2026-08-02 01:22:29,MalwareBazaar
SSDEEP,1536:z3MBXt7eC/zU+8Ij35OiKgjwMn7E/mEvsBrSlLUuwB:z3MBd7e4zUI/wqSRAB,6baeb67d22fa275bd2426180e5fe051ac1831c050db47d8fb89640813d4f4afa,Mirai,morte.arm5,elf,2026-08-02 01:22:29,MalwareBazaar
MD5,deef52143396eea1d61cfffc2e152961,7218d0523a4d05c52557f93febc58b45b67fa65a91e62656a74724d3ad87772d,Mirai,morte.arm5,elf,2026-08-02 01:21:39,MalwareBazaar
SHA-1,863d2f2e873886a1e6ad173ce48c3ae7461faf9b,7218d0523a4d05c52557f93febc58b45b67fa65a91e62656a74724d3ad87772d,Mirai,morte.arm5,elf,2026-08-02 01:21:39,MalwareBazaar
SHA-256,7218d0523a4d05c52557f93febc58b45b67fa65a91e62656a74724d3ad87772d,7218d0523a4d05c52557f93febc58b45b67fa65a91e62656a74724d3ad87772d,Mirai,morte.arm5,elf,2026-08-02 01:21:39,MalwareBazaar
SHA3-384,4a82ae6ca79a759e0ab46c79c47c036e0b582aba40887778f412f590b750f7a8d021deef84245ea892488566b1c7e31c,7218d0523a4d05c52557f93febc58b45b67fa65a91e62656a74724d3ad87772d,Mirai,morte.arm5,elf,2026-08-02 01:21:39,MalwareBazaar
TLSH,T1B4D2DF500442E9B695306475ABEC85C3738F56ACE4BA78672A800FA0FF61587ED7D7C3,7218d0523a4d05c52557f93febc58b45b67fa65a91e62656a74724d3ad87772d,Mirai,morte.arm5,elf,2026-08-02 01:21:39,MalwareBazaar
SSDEEP,768:GPaCwwwmXkzedefht4oCydLRzc0s3Uoz7od:2cpmXkwyCFyd5izsd,7218d0523a4d05c52557f93febc58b45b67fa65a91e62656a74724d3ad87772d,Mirai,morte.arm5,elf,2026-08-02 01:21:39,MalwareBazaar
MD5,bd87c85a06a65791729a8238a8f7a268,52e0c4974427db87b915d5b81785e6a9a014f5626e7adefee0c4a9710edd626d,Mirai,morte.x86,elf,2026-08-02 01:17:29,MalwareBazaar
SHA-1,86953bc702ec75bd0c8d0ea32dd21911015155e9,52e0c4974427db87b915d5b81785e6a9a014f5626e7adefee0c4a9710edd626d,Mirai,morte.x86,elf,2026-08-02 01:17:29,MalwareBazaar
SHA-256,52e0c4974427db87b915d5b81785e6a9a014f5626e7adefee0c4a9710edd626d,52e0c4974427db87b915d5b81785e6a9a014f5626e7adefee0c4a9710edd626d,Mirai,morte.x86,elf,2026-08-02 01:17:29,MalwareBazaar
SHA3-384,5b5cbb84856089e8618f0426cf1ce32c075d02fa7a46b683f07e12cb18b5cfbf59096fb9866126eaa7057196f9996984,52e0c4974427db87b915d5b81785e6a9a014f5626e7adefee0c4a9710edd626d,Mirai,morte.x86,elf,2026-08-02 01:17:29,MalwareBazaar
TLSH,T190A36CD6E283D4F5EC2241303176FF379E72E5BA2128DD83D7A49663BC62A42D406E5C,52e0c4974427db87b915d5b81785e6a9a014f5626e7adefee0c4a9710edd626d,Mirai,morte.x86,elf,2026-08-02 01:17:29,MalwareBazaar
TELFHASH,t104312ff972bb0ce897c06903f60a6b30bd5c67bb105036b604f7283a365250152bbd39,52e0c4974427db87b915d5b81785e6a9a014f5626e7adefee0c4a9710edd626d,Mirai,morte.x86,elf,2026-08-02 01:17:29,MalwareBazaar
SSDEEP,1536:rMmRqozBnO115B3k7myNqhwN+bYTMIqWBtlgALf5SZ+ZwLjh:wmDg3U7myNq+N+biL5tXD5+Ljh,52e0c4974427db87b915d5b81785e6a9a014f5626e7adefee0c4a9710edd626d,Mirai,morte.x86,elf,2026-08-02 01:17:29,MalwareBazaar
MD5,1553b2eca1d147515a25763f0c3a17fe,e9a42640b2832e6b4fab461e57d07f99cfb0f8428d64862e887206ba3a9e0b4f,Mirai,morte.x86,elf,2026-08-02 01:16:18,MalwareBazaar
SHA-1,ade95c873c4e8613895ccc5cde5ca0740858d870,e9a42640b2832e6b4fab461e57d07f99cfb0f8428d64862e887206ba3a9e0b4f,Mirai,morte.x86,elf,2026-08-02 01:16:18,MalwareBazaar
SHA-256,e9a42640b2832e6b4fab461e57d07f99cfb0f8428d64862e887206ba3a9e0b4f,e9a42640b2832e6b4fab461e57d07f99cfb0f8428d64862e887206ba3a9e0b4f,Mirai,morte.x86,elf,2026-08-02 01:16:18,MalwareBazaar
SHA3-384,c7200acfe51313c0c10549241babc07c7336496af953fff6977b7239f844a204469d3f47e7772b98542350573e1adfd1,e9a42640b2832e6b4fab461e57d07f99cfb0f8428d64862e887206ba3a9e0b4f,Mirai,morte.x86,elf,2026-08-02 01:16:18,MalwareBazaar
TLSH,T1BE13F122EAAA8444828E01FD84373D5D4109F84E65548FCFABE023E7D90EB7354BD9F6,e9a42640b2832e6b4fab461e57d07f99cfb0f8428d64862e887206ba3a9e0b4f,Mirai,morte.x86,elf,2026-08-02 01:16:18,MalwareBazaar
SSDEEP,768:2gDoFSJjBGqGPCcnFpAKGB4Dl0sMy/hqGX99tm7BndWnbcuyD7UoQRjg:WGVDGPXnEB4GsMy/h/XfuB0nouy8oyc,e9a42640b2832e6b4fab461e57d07f99cfb0f8428d64862e887206ba3a9e0b4f,Mirai,morte.x86,elf,2026-08-02 01:16:18,MalwareBazaar
MD5,b53d3736a5a8de6518193b8b712d13ed,a10994395ee8391edb37a4472ce34744946598a30b8d656285d09fa57faf480b,unknown,wr.php,sh,2026-08-02 01:09:29,MalwareBazaar
SHA-1,0a35464cf5c308b05b39d73a47549771f33ee786,a10994395ee8391edb37a4472ce34744946598a30b8d656285d09fa57faf480b,unknown,wr.php,sh,2026-08-02 01:09:29,MalwareBazaar
SHA-256,a10994395ee8391edb37a4472ce34744946598a30b8d656285d09fa57faf480b,a10994395ee8391edb37a4472ce34744946598a30b8d656285d09fa57faf480b,unknown,wr.php,sh,2026-08-02 01:09:29,MalwareBazaar
SHA3-384,aec5e1f413d88cf4419549ccb5a1af86508daecbe542001e2c04271f1c142fefee442ccd65c4b9593f2e5af59f9fca4e,a10994395ee8391edb37a4472ce34744946598a30b8d656285d09fa57faf480b,unknown,wr.php,sh,2026-08-02 01:09:29,MalwareBazaar
TLSH,T18CC27D966A867C44BEC94A3E4CBD2B0D6DF5C3D1224942AC3D8B3C71DC11FACD618B1A,a10994395ee8391edb37a4472ce34744946598a30b8d656285d09fa57faf480b,unknown,wr.php,sh,2026-08-02 01:09:29,MalwareBazaar
SSDEEP,768:AQM8vCB+25j6es8RX9FYpMSUpi+20qUpi+20YQX:3M8l25Jxd2QX,a10994395ee8391edb37a4472ce34744946598a30b8d656285d09fa57faf480b,unknown,wr.php,sh,2026-08-02 01:09:29,MalwareBazaar
MD5,9199b6e117e9bf63cdd0f76973bf22c1,585d6ed50abdf1500cad819da63dc78d2d8afbecb791e5a5d2407817ef083ffb,Mirai,zero.armv5l,elf,2026-08-02 01:08:27,MalwareBazaar
SHA-1,d912bea025038058a40b8889f0c9bae82d518c83,585d6ed50abdf1500cad819da63dc78d2d8afbecb791e5a5d2407817ef083ffb,Mirai,zero.armv5l,elf,2026-08-02 01:08:27,MalwareBazaar
SHA-256,585d6ed50abdf1500cad819da63dc78d2d8afbecb791e5a5d2407817ef083ffb,585d6ed50abdf1500cad819da63dc78d2d8afbecb791e5a5d2407817ef083ffb,Mirai,zero.armv5l,elf,2026-08-02 01:08:27,MalwareBazaar
SHA3-384,bf4a561576fc7e1f22acb986e74716cae10100c73f21452385843003ed1f82383839bbd95b8e66cd92cef575bde5a86f,585d6ed50abdf1500cad819da63dc78d2d8afbecb791e5a5d2407817ef083ffb,Mirai,zero.armv5l,elf,2026-08-02 01:08:27,MalwareBazaar
TLSH,T101F31B8ABC818B13C6E161B7FB1E428D372643ACD3EA71179D186B29375B8970E37741,585d6ed50abdf1500cad819da63dc78d2d8afbecb791e5a5d2407817ef083ffb,Mirai,zero.armv5l,elf,2026-08-02 01:08:27,MalwareBazaar
TELFHASH,t1f2313052d9980bdc17d0c70091af622b6eac34fc677620486f6dab5f4317ac53428871,585d6ed50abdf1500cad819da63dc78d2d8afbecb791e5a5d2407817ef083ffb,Mirai,zero.armv5l,elf,2026-08-02 01:08:27,MalwareBazaar
SSDEEP,3072:1hxcCGw9iOqcN+o0RbUf4SD1aZFbdkf28/tq/:1hrj9izQiJUf4SDoZHk+81q/,585d6ed50abdf1500cad819da63dc78d2d8afbecb791e5a5d2407817ef083ffb,Mirai,zero.armv5l,elf,2026-08-02 01:08:27,MalwareBazaar
MD5,d54cf40b605a0d28a458a080f7d0e613,fd8afd2e0d2d6b33739270e33d0343efaaf9856e0ad26f98cb2cfdb3f72360cb,Mirai,zero.armv5l,elf,2026-08-02 01:08:15,MalwareBazaar
SHA-1,e0dc844159a874d2ccc9d4a6b3647bfdd3e93959,fd8afd2e0d2d6b33739270e33d0343efaaf9856e0ad26f98cb2cfdb3f72360cb,Mirai,zero.armv5l,elf,2026-08-02 01:08:15,MalwareBazaar
SHA-256,fd8afd2e0d2d6b33739270e33d0343efaaf9856e0ad26f98cb2cfdb3f72360cb,fd8afd2e0d2d6b33739270e33d0343efaaf9856e0ad26f98cb2cfdb3f72360cb,Mirai,zero.armv5l,elf,2026-08-02 01:08:15,MalwareBazaar
SHA3-384,0a464b8931161159fbb6830e5d0086e5884c98c7b9025a6c1aa0b1d39273a58862edd1ff407028d7791e19e624fe9536,fd8afd2e0d2d6b33739270e33d0343efaaf9856e0ad26f98cb2cfdb3f72360cb,Mirai,zero.armv5l,elf,2026-08-02 01:08:15,MalwareBazaar
TLSH,T1AF33F27E51553C30EAB0333EA1D18C9722A58A7582DFF9F30A144E296B7268360F3E57,fd8afd2e0d2d6b33739270e33d0343efaaf9856e0ad26f98cb2cfdb3f72360cb,Mirai,zero.armv5l,elf,2026-08-02 01:08:15,MalwareBazaar
SSDEEP,1536:NRcE/LRFZAIF6M9v9G2NTppUZQCjFYNi3vGRzz0:NeWLRQsLv9GMp2SEFQweRzY,fd8afd2e0d2d6b33739270e33d0343efaaf9856e0ad26f98cb2cfdb3f72360cb,Mirai,zero.armv5l,elf,2026-08-02 01:08:15,MalwareBazaar
MD5,3531dbb844fa5ae9090ed92018e1eefe,e7a21d0bb71be7547e411b75de1ea32a40966965543172d8e6693da5ac9a5f7b,Mirai,morte.arm,elf,2026-08-02 01:06:28,MalwareBazaar
SHA-1,e5f822ca06e8026b8fb36babf8fa834202fd9562,e7a21d0bb71be7547e411b75de1ea32a40966965543172d8e6693da5ac9a5f7b,Mirai,morte.arm,elf,2026-08-02 01:06:28,MalwareBazaar
SHA-256,e7a21d0bb71be7547e411b75de1ea32a40966965543172d8e6693da5ac9a5f7b,e7a21d0bb71be7547e411b75de1ea32a40966965543172d8e6693da5ac9a5f7b,Mirai,morte.arm,elf,2026-08-02 01:06:28,MalwareBazaar
SHA3-384,c341f8ddb2ab61efc14eb43a3e9bd4887d1fec0d9af2851b909ee2b307d6281529ca49313c48b2922c43d2aedf1c2341,e7a21d0bb71be7547e411b75de1ea32a40966965543172d8e6693da5ac9a5f7b,Mirai,morte.arm,elf,2026-08-02 01:06:28,MalwareBazaar
TLSH,T11BC33A85F8828A62D6D7237AFA6E128E372163E8D3DE7103CD216F2137C651F0D67991,e7a21d0bb71be7547e411b75de1ea32a40966965543172d8e6693da5ac9a5f7b,Mirai,morte.arm,elf,2026-08-02 01:06:28,MalwareBazaar
TELFHASH,t1e411a263df920dac17f0821445beb25eedbd71ed2b0665958b5d6f4e44035d0b22d132,e7a21d0bb71be7547e411b75de1ea32a40966965543172d8e6693da5ac9a5f7b,Mirai,morte.arm,elf,2026-08-02 01:06:28,MalwareBazaar
SSDEEP,1536:m57SbTR8mhSHxP0Pizl0+doQ/v3y6x8jdYkC2DyFwm3pB2P8xvoL:m57WT1hwau3yW0Yr2DxUBoL,e7a21d0bb71be7547e411b75de1ea32a40966965543172d8e6693da5ac9a5f7b,Mirai,morte.arm,elf,2026-08-02 01:06:28,MalwareBazaar
MD5,ee6960c4bbccbc8a409319dc7a628b6e,409629d29129fcd72a0d48d11773a1c20e81a721c8346427b3c1a1a7da135892,Mirai,morte.arm,elf,2026-08-02 01:05:30,MalwareBazaar
SHA-1,c91f387e9b40854bd3d4e8c1650a320f5f08ea33,409629d29129fcd72a0d48d11773a1c20e81a721c8346427b3c1a1a7da135892,Mirai,morte.arm,elf,2026-08-02 01:05:30,MalwareBazaar
SHA-256,409629d29129fcd72a0d48d11773a1c20e81a721c8346427b3c1a1a7da135892,409629d29129fcd72a0d48d11773a1c20e81a721c8346427b3c1a1a7da135892,Mirai,morte.arm,elf,2026-08-02 01:05:30,MalwareBazaar
SHA3-384,9fd1722ac81ce05b69c7399501065494145bfb1bab5e3e4081af65acf4252d0c3db8ce625ce771c9a9f59ba0325ddbd4,409629d29129fcd72a0d48d11773a1c20e81a721c8346427b3c1a1a7da135892,Mirai,morte.arm,elf,2026-08-02 01:05:30,MalwareBazaar
TLSH,T166230211015C75A09A704473BDED8249218B4AD5E6FF76A81A172E20F8CD3CABF7338B,409629d29129fcd72a0d48d11773a1c20e81a721c8346427b3c1a1a7da135892,Mirai,morte.arm,elf,2026-08-02 01:05:30,MalwareBazaar
SSDEEP,768:011vnkyvkY1Ok/1wHEQ2Ctdx9ZoPUaaIuzJPvotDunA+LGgj8u5gSYT5vBUapGs9:YNkyM6O2CkBklZubanztMuAQjQpBUap/,409629d29129fcd72a0d48d11773a1c20e81a721c8346427b3c1a1a7da135892,Mirai,morte.arm,elf,2026-08-02 01:05:30,MalwareBazaar
MD5,c679ca7fcd82f32680166b57fd6ad14d,fd4746bedadaf4dfc3c9b6e062f0488e9c866e79455079ad8790e9a37c95cc03,Mirai,zero.armv4l,elf,2026-08-02 00:52:31,MalwareBazaar
SHA-1,e4f77f8274e70020cd02c37c34ea8ae61bc8b8a8,fd4746bedadaf4dfc3c9b6e062f0488e9c866e79455079ad8790e9a37c95cc03,Mirai,zero.armv4l,elf,2026-08-02 00:52:31,MalwareBazaar
SHA-256,fd4746bedadaf4dfc3c9b6e062f0488e9c866e79455079ad8790e9a37c95cc03,fd4746bedadaf4dfc3c9b6e062f0488e9c866e79455079ad8790e9a37c95cc03,Mirai,zero.armv4l,elf,2026-08-02 00:52:31,MalwareBazaar
SHA3-384,c716e86a89c2a8581e881721bd2e8a7ae99881aaa0d5a6a5a5f200d18f1d050b5634792f48414290930d163d144e74ec,fd4746bedadaf4dfc3c9b6e062f0488e9c866e79455079ad8790e9a37c95cc03,Mirai,zero.armv4l,elf,2026-08-02 00:52:31,MalwareBazaar
TLSH,T1BEF31B8ABC818B03C5E261B3FB0E428D372647E8D3EA71179D196F29375B8970E37651,fd4746bedadaf4dfc3c9b6e062f0488e9c866e79455079ad8790e9a37c95cc03,Mirai,zero.armv4l,elf,2026-08-02 00:52:31,MalwareBazaar
TELFHASH,t1e7311060154c0f9cdbc08a5c92ae113beda930e527122545ef1d639f8a53de1f137a3b,fd4746bedadaf4dfc3c9b6e062f0488e9c866e79455079ad8790e9a37c95cc03,Mirai,zero.armv4l,elf,2026-08-02 00:52:31,MalwareBazaar
SSDEEP,3072:SNy0UQiOiPTe+oiBmb4JZ1l3NdmOyahSB:SgQi7aMEb4JvldcpahSB,fd4746bedadaf4dfc3c9b6e062f0488e9c866e79455079ad8790e9a37c95cc03,Mirai,zero.armv4l,elf,2026-08-02 00:52:31,MalwareBazaar
MD5,dbc3cc5020fddf990ef1f20dcd2b052b,61bc9a3758c56d8cb261853b8b9feb686d5da08402f83564089c09610d3c6cef,Mirai,zero.armv4l,elf,2026-08-02 00:51:39,MalwareBazaar
SHA-1,de036af9da7029dafe9ff29717335afde6e4be72,61bc9a3758c56d8cb261853b8b9feb686d5da08402f83564089c09610d3c6cef,Mirai,zero.armv4l,elf,2026-08-02 00:51:39,MalwareBazaar
SHA-256,61bc9a3758c56d8cb261853b8b9feb686d5da08402f83564089c09610d3c6cef,61bc9a3758c56d8cb261853b8b9feb686d5da08402f83564089c09610d3c6cef,Mirai,zero.armv4l,elf,2026-08-02 00:51:39,MalwareBazaar
SHA3-384,f506ac1c66be77f506819efd4b04d641b3cb07eee4ab19a7e25e072508c2521ee7cd37b50ce1a4f6c1aacd61bbcfbb12,61bc9a3758c56d8cb261853b8b9feb686d5da08402f83564089c09610d3c6cef,Mirai,zero.armv4l,elf,2026-08-02 00:51:39,MalwareBazaar
TLSH,T10543E11814B8583AD6710439E53C1B4976FB83B485CF231B325A0964A5CB7E9A6BF983,61bc9a3758c56d8cb261853b8b9feb686d5da08402f83564089c09610d3c6cef,Mirai,zero.armv4l,elf,2026-08-02 00:51:39,MalwareBazaar
SSDEEP,1536:NkdFpMP267Fhi9pZBIqCZHprpSAqVxo/FvBzx:N8f8B7amqCwAIxYFvB9,61bc9a3758c56d8cb261853b8b9feb686d5da08402f83564089c09610d3c6cef,Mirai,zero.armv4l,elf,2026-08-02 00:51:39,MalwareBazaar
MD5,375254c03f390301e5b641111c1f0c40,b4eb673cc44d251ecc21afc9e19240ad69ef9f99ea5a319ef57ea261ee15b452,Mirai,morte.mpsl,elf,2026-08-02 00:43:34,MalwareBazaar
SHA-1,7143b9573c4f36f16f1f301c9afbfdc59956d0cf,b4eb673cc44d251ecc21afc9e19240ad69ef9f99ea5a319ef57ea261ee15b452,Mirai,morte.mpsl,elf,2026-08-02 00:43:34,MalwareBazaar
SHA-256,b4eb673cc44d251ecc21afc9e19240ad69ef9f99ea5a319ef57ea261ee15b452,b4eb673cc44d251ecc21afc9e19240ad69ef9f99ea5a319ef57ea261ee15b452,Mirai,morte.mpsl,elf,2026-08-02 00:43:34,MalwareBazaar
SHA3-384,058e91d6fac50ffb3378abe916c5da5f193da19b2a8307307540e9a1227b2cf18e2b3a4b62a7f9ae41876d2a34eb9d83,b4eb673cc44d251ecc21afc9e19240ad69ef9f99ea5a319ef57ea261ee15b452,Mirai,morte.mpsl,elf,2026-08-02 00:43:34,MalwareBazaar
TLSH,T1D3E3F709BF610FF7E89FCC3709E91B0528CD556732A93B36B534D918B64B24B26E3864,b4eb673cc44d251ecc21afc9e19240ad69ef9f99ea5a319ef57ea261ee15b452,Mirai,morte.mpsl,elf,2026-08-02 00:43:34,MalwareBazaar
SSDEEP,3072:zwV6WWosd4Bi3u7KGzJtcMaeeGeVlJSnKW2oyJi6ts1uYKu:zwIWWosd4Bi3u7KGzJtcMae10lJiKDbo,b4eb673cc44d251ecc21afc9e19240ad69ef9f99ea5a319ef57ea261ee15b452,Mirai,morte.mpsl,elf,2026-08-02 00:43:34,MalwareBazaar
MD5,a4f0e91461b5bee890b1fa320346ffa9,f38943d7da545cbb1771b7934a42e2ee9677986d671d12896b18235ebb894394,Mirai,zero.mipsrouter,elf,2026-08-02 00:43:31,MalwareBazaar
SHA-1,d6183438b6546a676742b4c0761dc6398d529105,f38943d7da545cbb1771b7934a42e2ee9677986d671d12896b18235ebb894394,Mirai,zero.mipsrouter,elf,2026-08-02 00:43:31,MalwareBazaar
SHA-256,f38943d7da545cbb1771b7934a42e2ee9677986d671d12896b18235ebb894394,f38943d7da545cbb1771b7934a42e2ee9677986d671d12896b18235ebb894394,Mirai,zero.mipsrouter,elf,2026-08-02 00:43:31,MalwareBazaar
SHA3-384,59719253ebd60b94de3fd63950ded96e2b6754b60bbe5ed2a7ea3c87d6186c10ef4f721b22a69a77df658a9766f328ce,f38943d7da545cbb1771b7934a42e2ee9677986d671d12896b18235ebb894394,Mirai,zero.mipsrouter,elf,2026-08-02 00:43:31,MalwareBazaar
TLSH,T16724B84F6E239F7DF67887344BB35E25675923D623E0D684E1ACC2105E2029E581FFA8,f38943d7da545cbb1771b7934a42e2ee9677986d671d12896b18235ebb894394,Mirai,zero.mipsrouter,elf,2026-08-02 00:43:31,MalwareBazaar
TELFHASH,t1614193180e7813f0a339ad4e059dff7ad6a330db7e166d238e11e85ea769a435e10d0c,f38943d7da545cbb1771b7934a42e2ee9677986d671d12896b18235ebb894394,Mirai,zero.mipsrouter,elf,2026-08-02 00:43:31,MalwareBazaar
SSDEEP,3072:eq0AsDTvciQzHFBtcS/tfFu7y9cEwDIklS:J6TeH3tdqy9JwDIUS,f38943d7da545cbb1771b7934a42e2ee9677986d671d12896b18235ebb894394,Mirai,zero.mipsrouter,elf,2026-08-02 00:43:31,MalwareBazaar
MD5,0ad4565a180db6beaf5355d806dcb755,dec424fc8ec0ec7f4e234f2ed759fd0ad672d8090e62dcf2a2fd3d4d8c90ac92,Mirai,morte.ppc,elf,2026-08-02 00:43:29,MalwareBazaar
SHA-1,be2c263d543eb69d6d74556d314876e43b8d2178,dec424fc8ec0ec7f4e234f2ed759fd0ad672d8090e62dcf2a2fd3d4d8c90ac92,Mirai,morte.ppc,elf,2026-08-02 00:43:29,MalwareBazaar
SHA-256,dec424fc8ec0ec7f4e234f2ed759fd0ad672d8090e62dcf2a2fd3d4d8c90ac92,dec424fc8ec0ec7f4e234f2ed759fd0ad672d8090e62dcf2a2fd3d4d8c90ac92,Mirai,morte.ppc,elf,2026-08-02 00:43:29,MalwareBazaar
SHA3-384,f6b16982a9d4d6af7dfe069e28f55067e8397635e0ff2b2e3b78236ab6e30f972363bb7de18d1f6e669fdcd1dfba6eb1,dec424fc8ec0ec7f4e234f2ed759fd0ad672d8090e62dcf2a2fd3d4d8c90ac92,Mirai,morte.ppc,elf,2026-08-02 00:43:29,MalwareBazaar
TLSH,T135B35C4273180F57C1930AB02E3F1BF687BBE5D021E4BA89650F9B1A8675E77154AFC8,dec424fc8ec0ec7f4e234f2ed759fd0ad672d8090e62dcf2a2fd3d4d8c90ac92,Mirai,morte.ppc,elf,2026-08-02 00:43:29,MalwareBazaar
SSDEEP,1536:3Vbxi0VY3+TmlGzmRRuNfvyJpkw8piKlglnw59KDp93+JuM1+463tLdME:Fbk0VkR8mkMp9Xtd9Cuk2+E,dec424fc8ec0ec7f4e234f2ed759fd0ad672d8090e62dcf2a2fd3d4d8c90ac92,Mirai,morte.ppc,elf,2026-08-02 00:43:29,MalwareBazaar
MD5,b76289767913796c0547e2381f1f564f,c29f04f3bf672aa6e91a47b810bab140b7b21b0925fa10b3fc676c5c43057b90,Mirai,morte.mpsl,elf,2026-08-02 00:43:19,MalwareBazaar
SHA-1,9017a160276a9760c3075f0a0135ed76088b5192,c29f04f3bf672aa6e91a47b810bab140b7b21b0925fa10b3fc676c5c43057b90,Mirai,morte.mpsl,elf,2026-08-02 00:43:19,MalwareBazaar
SHA-256,c29f04f3bf672aa6e91a47b810bab140b7b21b0925fa10b3fc676c5c43057b90,c29f04f3bf672aa6e91a47b810bab140b7b21b0925fa10b3fc676c5c43057b90,Mirai,morte.mpsl,elf,2026-08-02 00:43:19,MalwareBazaar
SHA3-384,a404dc1b154f44841c0db445d5195d37d73f2048c5d3f1d06fd411c41474a1dc0b92545738ded36e3e00e591326a58d5,c29f04f3bf672aa6e91a47b810bab140b7b21b0925fa10b3fc676c5c43057b90,Mirai,morte.mpsl,elf,2026-08-02 00:43:19,MalwareBazaar
TLSH,T14F33F1DD926F2449EBEC4D3EB76F07E69A02F488321E6FCA13165C5192AC44F32C506C,c29f04f3bf672aa6e91a47b810bab140b7b21b0925fa10b3fc676c5c43057b90,Mirai,morte.mpsl,elf,2026-08-02 00:43:19,MalwareBazaar
SSDEEP,768:FF6WiBf9i4tROBwZ3OPhgD6GhB9K0Ul1yh43h8f1R/YNrtrohdBEE9aP+ZIWU5:T6DG4tB+ZgDh5Jh43h8/YFmS5,c29f04f3bf672aa6e91a47b810bab140b7b21b0925fa10b3fc676c5c43057b90,Mirai,morte.mpsl,elf,2026-08-02 00:43:19,MalwareBazaar
MD5,0b5f3e31b64463bc4e5cf572363c3f2a,f47c9c3d3efc98916fb74aa908075ffadf39b219dbdd7fa17d3da24ea77322cb,Mirai,zero.mipsrouter,elf,2026-08-02 00:43:18,MalwareBazaar
SHA-1,7de31467c01f7d659bf16898c7bd8653421d2113,f47c9c3d3efc98916fb74aa908075ffadf39b219dbdd7fa17d3da24ea77322cb,Mirai,zero.mipsrouter,elf,2026-08-02 00:43:18,MalwareBazaar
SHA-256,f47c9c3d3efc98916fb74aa908075ffadf39b219dbdd7fa17d3da24ea77322cb,f47c9c3d3efc98916fb74aa908075ffadf39b219dbdd7fa17d3da24ea77322cb,Mirai,zero.mipsrouter,elf,2026-08-02 00:43:18,MalwareBazaar
SHA3-384,8c5daa2adfe0d8c74bba977e5e09bdad992fa30ca755c07ef4fce4c616a74bd17f1443b3b5fb315e3f47441ac5f437a3,f47c9c3d3efc98916fb74aa908075ffadf39b219dbdd7fa17d3da24ea77322cb,Mirai,zero.mipsrouter,elf,2026-08-02 00:43:18,MalwareBazaar
TLSH,T16253025438065BECFE05C27C91E107A829A79A765272D42B28C8CEA3DF5498C3D5BFE0,f47c9c3d3efc98916fb74aa908075ffadf39b219dbdd7fa17d3da24ea77322cb,Mirai,zero.mipsrouter,elf,2026-08-02 00:43:18,MalwareBazaar
SSDEEP,1536:KxwOGojcwOACygI8XgHe0L/JhWklXKxyXc2baVJu7:KfGouy76gxzHWCXMYfOVQ7,f47c9c3d3efc98916fb74aa908075ffadf39b219dbdd7fa17d3da24ea77322cb,Mirai,zero.mipsrouter,elf,2026-08-02 00:43:18,MalwareBazaar
MD5,d39891972c4aae814411b4e56cd284d7,7948a099bfa5e5ffb60a1c94a64cbbae5b2f359a0a61159f39b54973b8f9bcff,Mirai,morte.ppc,elf,2026-08-02 00:43:16,MalwareBazaar
SHA-1,743cb34ae6af3ee2db8d46a819df6494e66986a4,7948a099bfa5e5ffb60a1c94a64cbbae5b2f359a0a61159f39b54973b8f9bcff,Mirai,morte.ppc,elf,2026-08-02 00:43:16,MalwareBazaar
SHA-256,7948a099bfa5e5ffb60a1c94a64cbbae5b2f359a0a61159f39b54973b8f9bcff,7948a099bfa5e5ffb60a1c94a64cbbae5b2f359a0a61159f39b54973b8f9bcff,Mirai,morte.ppc,elf,2026-08-02 00:43:16,MalwareBazaar
SHA3-384,099cd2756b4de51bf97212a904b15f5b241888b2a2f2af8572053429826c1ccdd1bcf269e80ee2dcc5e972589251518d,7948a099bfa5e5ffb60a1c94a64cbbae5b2f359a0a61159f39b54973b8f9bcff,Mirai,morte.ppc,elf,2026-08-02 00:43:16,MalwareBazaar
TLSH,T1A813F191F0501CFBD2BFCA202741DADA37B98F962B6E65F27580FF54C60152A26482F8,7948a099bfa5e5ffb60a1c94a64cbbae5b2f359a0a61159f39b54973b8f9bcff,Mirai,morte.ppc,elf,2026-08-02 00:43:16,MalwareBazaar
SSDEEP,768:e6tQngu7T7t9yzKJjSiUI8e3H3nSj5Zkc4e5VFEiYsJie8urJJorlAdLqV0n04ux:rtjuR8aS/2H3IR35VrXJie8ufYlnV0na,7948a099bfa5e5ffb60a1c94a64cbbae5b2f359a0a61159f39b54973b8f9bcff,Mirai,morte.ppc,elf,2026-08-02 00:43:16,MalwareBazaar
MD5,c168971c0cc3517ff3cc94c9ebc324f6,9699025026d72bc780f108afe1749ef36fc109b91d90a9225bbd0e6e90102fcd,Mirai,morte.arm6,elf,2026-08-02 00:42:28,MalwareBazaar
SHA-1,3ad0e98c99fb77abb96a97c4a5ac909ab6952334,9699025026d72bc780f108afe1749ef36fc109b91d90a9225bbd0e6e90102fcd,Mirai,morte.arm6,elf,2026-08-02 00:42:28,MalwareBazaar
SHA-256,9699025026d72bc780f108afe1749ef36fc109b91d90a9225bbd0e6e90102fcd,9699025026d72bc780f108afe1749ef36fc109b91d90a9225bbd0e6e90102fcd,Mirai,morte.arm6,elf,2026-08-02 00:42:28,MalwareBazaar
SHA3-384,17bd8f5e350e309cd61280192a29ef814445714b75ff1ed47453cd914515b9fbccb885644bbb3974267ee48e924802a5,9699025026d72bc780f108afe1749ef36fc109b91d90a9225bbd0e6e90102fcd,Mirai,morte.arm6,elf,2026-08-02 00:42:28,MalwareBazaar
TLSH,T11FC31946F9824A22C5D713BEFA2E118E331217B8F3DE72229E205F2537C651B0EB7955,9699025026d72bc780f108afe1749ef36fc109b91d90a9225bbd0e6e90102fcd,Mirai,morte.arm6,elf,2026-08-02 00:42:28,MalwareBazaar
TELFHASH,t1fb21df65ff74166c17e4824945d5d80a4fe930ed0a522c53df197b17cd4a247f12e921,9699025026d72bc780f108afe1749ef36fc109b91d90a9225bbd0e6e90102fcd,Mirai,morte.arm6,elf,2026-08-02 00:42:28,MalwareBazaar
SSDEEP,3072:PpHd8lUqfrzzpFZ3TOzCajrROPzfIDETq9Z:Pp9QNfrzd3TO+a3kLID19Z,9699025026d72bc780f108afe1749ef36fc109b91d90a9225bbd0e6e90102fcd,Mirai,morte.arm6,elf,2026-08-02 00:42:28,MalwareBazaar
MD5,649defd344c72648a14a3c062e673927,69e9c7d448f0171c34feb8af04e09d576ab33b105b4c57efbd72aada686401a0,Mirai,zero.i486,elf,2026-08-02 00:42:25,MalwareBazaar
SHA-1,86fa96ff0c97efc2f96872d0af29623b074c6403,69e9c7d448f0171c34feb8af04e09d576ab33b105b4c57efbd72aada686401a0,Mirai,zero.i486,elf,2026-08-02 00:42:25,MalwareBazaar
SHA-256,69e9c7d448f0171c34feb8af04e09d576ab33b105b4c57efbd72aada686401a0,69e9c7d448f0171c34feb8af04e09d576ab33b105b4c57efbd72aada686401a0,Mirai,zero.i486,elf,2026-08-02 00:42:25,MalwareBazaar
SHA3-384,2f30063c7bbc9c621ddf0bbd13cc8510a4a8c2976bf6473e71bce72b1b7cd4d584e4860ffb980cd5d4a2366fc41838e9,69e9c7d448f0171c34feb8af04e09d576ab33b105b4c57efbd72aada686401a0,Mirai,zero.i486,elf,2026-08-02 00:42:25,MalwareBazaar
TLSH,T1D8A32B1DD783E9F0C9420AB0115FBB379931C8E12230ADFBE7E47ED6A961781A456E1C,69e9c7d448f0171c34feb8af04e09d576ab33b105b4c57efbd72aada686401a0,Mirai,zero.i486,elf,2026-08-02 00:42:25,MalwareBazaar
TELFHASH,t10031c5b556b908d8abc06502f14f6b709d5db67f3110b6934bf3a0113767a8263abc3d,69e9c7d448f0171c34feb8af04e09d576ab33b105b4c57efbd72aada686401a0,Mirai,zero.i486,elf,2026-08-02 00:42:25,MalwareBazaar
SSDEEP,3072:Uw5rY9IfnpLUuZY7rrrG4YHLJnlAcDeBbyKDOhdP:Uw5rY9IfnpLXY7rrr3YtBDNrP,69e9c7d448f0171c34feb8af04e09d576ab33b105b4c57efbd72aada686401a0,Mirai,zero.i486,elf,2026-08-02 00:42:25,MalwareBazaar
MD5,08287f0ca3af805842739aa50af9b8f3,6d987d86a194619f432a0e317c0bc4490fc3d25113ab3880018a4da7cdb5f3de,Mirai,morte.arm6,elf,2026-08-02 00:41:42,MalwareBazaar
SHA-1,06284449156bb67999acf067f47dd0048a68519d,6d987d86a194619f432a0e317c0bc4490fc3d25113ab3880018a4da7cdb5f3de,Mirai,morte.arm6,elf,2026-08-02 00:41:42,MalwareBazaar
SHA-256,6d987d86a194619f432a0e317c0bc4490fc3d25113ab3880018a4da7cdb5f3de,6d987d86a194619f432a0e317c0bc4490fc3d25113ab3880018a4da7cdb5f3de,Mirai,morte.arm6,elf,2026-08-02 00:41:42,MalwareBazaar
SHA3-384,ee112fc1054f0ef841bbaa50f81ca487fcf769611690f7b4ba302824d27da02f6d5a0859958d5400b345a6e97f99ed12,6d987d86a194619f432a0e317c0bc4490fc3d25113ab3880018a4da7cdb5f3de,Mirai,morte.arm6,elf,2026-08-02 00:41:42,MalwareBazaar
TLSH,T1F223F1E4801294E38DF11D3DEDA805C22E94B3F19A1F707527BBE151ADA209F7AD6892,6d987d86a194619f432a0e317c0bc4490fc3d25113ab3880018a4da7cdb5f3de,Mirai,morte.arm6,elf,2026-08-02 00:41:42,MalwareBazaar
SSDEEP,1536:rkjf1IqoN8F9rahm7QstqeRS++LzD53IPXDdLV:rYt9oNA17LQek+Kf534DdLV,6d987d86a194619f432a0e317c0bc4490fc3d25113ab3880018a4da7cdb5f3de,Mirai,morte.arm6,elf,2026-08-02 00:41:42,MalwareBazaar
MD5,c7e79791d415c7a7f2968dce6c6bf48f,631edb65012fe8dff1eb511edc1660fc8cede0bafe531f507cc491654e47fd6f,Mirai,zero.i486,elf,2026-08-02 00:41:41,MalwareBazaar
SHA-1,0d250e3b3ddda504c8c68c638937bc7a1e19e4e9,631edb65012fe8dff1eb511edc1660fc8cede0bafe531f507cc491654e47fd6f,Mirai,zero.i486,elf,2026-08-02 00:41:41,MalwareBazaar
SHA-256,631edb65012fe8dff1eb511edc1660fc8cede0bafe531f507cc491654e47fd6f,631edb65012fe8dff1eb511edc1660fc8cede0bafe531f507cc491654e47fd6f,Mirai,zero.i486,elf,2026-08-02 00:41:41,MalwareBazaar
SHA3-384,2ce8897482b44e688b75e61a4f492f35c7ae94329509fb795da3f401fa6baa9bb211c9f1edeeb3bc596d3484359c2f22,631edb65012fe8dff1eb511edc1660fc8cede0bafe531f507cc491654e47fd6f,Mirai,zero.i486,elf,2026-08-02 00:41:41,MalwareBazaar
TLSH,T1B313E0A3D6FD6E81C56102731E3E1A26AC2AD50E91419CEB7BE0247B20D7B1C7E0598B,631edb65012fe8dff1eb511edc1660fc8cede0bafe531f507cc491654e47fd6f,Mirai,zero.i486,elf,2026-08-02 00:41:41,MalwareBazaar
SSDEEP,768:XCkO5tOKfhaFFTnUqVcLJCLUD5KG0HOdrLG9FUfAnd4YCbEnbcuyD7UkWykkAe:XRO5tOK0ZnUqCgif0HELG9FUoOJbEnoV,631edb65012fe8dff1eb511edc1660fc8cede0bafe531f507cc491654e47fd6f,Mirai,zero.i486,elf,2026-08-02 00:41:41,MalwareBazaar
MD5,69cd092182dcdb51abd81a7d88478569,3178e838e991d58717ede5115f146b7ff6882aeaada063e0243d50f5c5d85122,Mirai,zero.arc,elf,2026-08-02 00:40:26,MalwareBazaar
SHA-1,45bc1a0f54e590b865325934f610a8b4f5c3d0fb,3178e838e991d58717ede5115f146b7ff6882aeaada063e0243d50f5c5d85122,Mirai,zero.arc,elf,2026-08-02 00:40:26,MalwareBazaar
SHA-256,3178e838e991d58717ede5115f146b7ff6882aeaada063e0243d50f5c5d85122,3178e838e991d58717ede5115f146b7ff6882aeaada063e0243d50f5c5d85122,Mirai,zero.arc,elf,2026-08-02 00:40:26,MalwareBazaar
SHA3-384,b511e6156e29110962feb16c1caac517cb43b9bcaa1217fa4392917f49d5cd4af082acb14ebf0327e2edb15f48d8bd9d,3178e838e991d58717ede5115f146b7ff6882aeaada063e0243d50f5c5d85122,Mirai,zero.arc,elf,2026-08-02 00:40:26,MalwareBazaar
TLSH,T195F3BF27724F1450C8A505F496EB9B6E3B2316404EAF5AEBBC7E233E9E730CA15407E0,3178e838e991d58717ede5115f146b7ff6882aeaada063e0243d50f5c5d85122,Mirai,zero.arc,elf,2026-08-02 00:40:26,MalwareBazaar
SSDEEP,3072:CMgoEc8PCvuE8orM9JzHziRjiPq5qwg3Cth3TJXUZ/qq:tgoEc8Pu/gJzTPCUFCtTX8qq,3178e838e991d58717ede5115f146b7ff6882aeaada063e0243d50f5c5d85122,Mirai,zero.arc,elf,2026-08-02 00:40:26,MalwareBazaar
MD5,b9fbf6f35099d3dd0f984ffb7e027b35,06185d74edbdc06f99095e96f74aa2e49a1cda2d02a294c11a9ac35a0231075e,njrat,06185d74edbdc06f99095e96f74aa2e49a1cda2d02a294c11a9ac35a0231075e.exe,exe,2026-08-02 00:11:31,MalwareBazaar
SHA-1,2f6e93b860cef097c863668b1f38a6f7088bcb77,06185d74edbdc06f99095e96f74aa2e49a1cda2d02a294c11a9ac35a0231075e,njrat,06185d74edbdc06f99095e96f74aa2e49a1cda2d02a294c11a9ac35a0231075e.exe,exe,2026-08-02 00:11:31,MalwareBazaar
SHA-256,06185d74edbdc06f99095e96f74aa2e49a1cda2d02a294c11a9ac35a0231075e,06185d74edbdc06f99095e96f74aa2e49a1cda2d02a294c11a9ac35a0231075e,njrat,06185d74edbdc06f99095e96f74aa2e49a1cda2d02a294c11a9ac35a0231075e.exe,exe,2026-08-02 00:11:31,MalwareBazaar
SHA3-384,f63fe852aa052ee4e500c0f4ecb2b42822b9649a104c7842a6dd114742abac5db06b6e4fa78d1224e9949ee86b3980c0,06185d74edbdc06f99095e96f74aa2e49a1cda2d02a294c11a9ac35a0231075e,njrat,06185d74edbdc06f99095e96f74aa2e49a1cda2d02a294c11a9ac35a0231075e.exe,exe,2026-08-02 00:11:31,MalwareBazaar
IMPHASH,905d6e2fd95bb9d68bb959ec7e8cfb12,06185d74edbdc06f99095e96f74aa2e49a1cda2d02a294c11a9ac35a0231075e,njrat,06185d74edbdc06f99095e96f74aa2e49a1cda2d02a294c11a9ac35a0231075e.exe,exe,2026-08-02 00:11:31,MalwareBazaar
TLSH,T141E4F119F6A650E8E15E4431C7488662FA773D1283D1DA2F42D0F67E6F32650BDE8B23,06185d74edbdc06f99095e96f74aa2e49a1cda2d02a294c11a9ac35a0231075e,njrat,06185d74edbdc06f99095e96f74aa2e49a1cda2d02a294c11a9ac35a0231075e.exe,exe,2026-08-02 00:11:31,MalwareBazaar
SSDEEP,12288:uVrlrnZXcHfoFJ3QTQyLEs6cbVDsNh9qzw87/T/xxPEyhLy4ZxUtx8VCpVf688B:inZMHfJTfLL6cZsj9qzw87/Txx/LBktM,06185d74edbdc06f99095e96f74aa2e49a1cda2d02a294c11a9ac35a0231075e,njrat,06185d74edbdc06f99095e96f74aa2e49a1cda2d02a294c11a9ac35a0231075e.exe,exe,2026-08-02 00:11:31,MalwareBazaar
ICON-DHASH,455d455551655945,06185d74edbdc06f99095e96f74aa2e49a1cda2d02a294c11a9ac35a0231075e,njrat,06185d74edbdc06f99095e96f74aa2e49a1cda2d02a294c11a9ac35a0231075e.exe,exe,2026-08-02 00:11:31,MalwareBazaar
MD5,92d7549c8cf73bc0f29cea5ba8991560,6b465dc7cc21ba92d848425f8eabae3dc9f72d873d92a7b18639fd79814c7b1b,WannaCry,92d7549c8cf73bc0f29cea5ba8991560,dll,2026-08-02 00:07:23,MalwareBazaar
SHA-1,84385c351cdf4cef52b816d5864431f29c615db3,6b465dc7cc21ba92d848425f8eabae3dc9f72d873d92a7b18639fd79814c7b1b,WannaCry,92d7549c8cf73bc0f29cea5ba8991560,dll,2026-08-02 00:07:23,MalwareBazaar
SHA-256,6b465dc7cc21ba92d848425f8eabae3dc9f72d873d92a7b18639fd79814c7b1b,6b465dc7cc21ba92d848425f8eabae3dc9f72d873d92a7b18639fd79814c7b1b,WannaCry,92d7549c8cf73bc0f29cea5ba8991560,dll,2026-08-02 00:07:23,MalwareBazaar
SHA3-384,335f90d8d935b14cf76a5f562518be235fe7fd5d4ffa8230b2daf10a7fdfa26f4f402dcd3c54c810edff75cb49968673,6b465dc7cc21ba92d848425f8eabae3dc9f72d873d92a7b18639fd79814c7b1b,WannaCry,92d7549c8cf73bc0f29cea5ba8991560,dll,2026-08-02 00:07:23,MalwareBazaar
IMPHASH,2e5708ae5fed0403e8117c645fb23e5b,6b465dc7cc21ba92d848425f8eabae3dc9f72d873d92a7b18639fd79814c7b1b,WannaCry,92d7549c8cf73bc0f29cea5ba8991560,dll,2026-08-02 00:07:23,MalwareBazaar
TLSH,T1B636235A757CA1FCC10A6375B4778A2692B73C5A22BD9B0F9B548B220C03760FF64B53,6b465dc7cc21ba92d848425f8eabae3dc9f72d873d92a7b18639fd79814c7b1b,WannaCry,92d7549c8cf73bc0f29cea5ba8991560,dll,2026-08-02 00:07:23,MalwareBazaar
SSDEEP,24576:RbLguEQhfdmMSirYbcMNgef0QeQjG/D8kI:RnUQqMSPbcBVQej/,6b465dc7cc21ba92d848425f8eabae3dc9f72d873d92a7b18639fd79814c7b1b,WannaCry,92d7549c8cf73bc0f29cea5ba8991560,dll,2026-08-02 00:07:23,MalwareBazaar
MD5,eef744fd80a3520d1c67e6eb98f091bc,6bcd0a97bb8c444b66e686e2bceb32cccf4090f13b6b5ed778c0341e31fe9d8a,unknown,SecuriteInfo.com.Win64.Evo-gen.36984827,exe,2026-08-01 23:53:16,MalwareBazaar
SHA-1,548a5108fef4d712e6e8ca26223be5aade0bf89d,6bcd0a97bb8c444b66e686e2bceb32cccf4090f13b6b5ed778c0341e31fe9d8a,unknown,SecuriteInfo.com.Win64.Evo-gen.36984827,exe,2026-08-01 23:53:16,MalwareBazaar
SHA-256,6bcd0a97bb8c444b66e686e2bceb32cccf4090f13b6b5ed778c0341e31fe9d8a,6bcd0a97bb8c444b66e686e2bceb32cccf4090f13b6b5ed778c0341e31fe9d8a,unknown,SecuriteInfo.com.Win64.Evo-gen.36984827,exe,2026-08-01 23:53:16,MalwareBazaar
SHA3-384,14629934939e3c9f51c2c64f78aa50057377eb8ae6667a810444d47ffb610fbf9a2761820d42534b10a7f12806d0d2f5,6bcd0a97bb8c444b66e686e2bceb32cccf4090f13b6b5ed778c0341e31fe9d8a,unknown,SecuriteInfo.com.Win64.Evo-gen.36984827,exe,2026-08-01 23:53:16,MalwareBazaar
IMPHASH,1799eb3c1092391ae174afa4eee4cba2,6bcd0a97bb8c444b66e686e2bceb32cccf4090f13b6b5ed778c0341e31fe9d8a,unknown,SecuriteInfo.com.Win64.Evo-gen.36984827,exe,2026-08-01 23:53:16,MalwareBazaar
TLSH,T1A6E52398BE9A7671E033C3F783A728FD711A37908B648D5E35896B106D13428BCBB355,6bcd0a97bb8c444b66e686e2bceb32cccf4090f13b6b5ed778c0341e31fe9d8a,unknown,SecuriteInfo.com.Win64.Evo-gen.36984827,exe,2026-08-01 23:53:16,MalwareBazaar
SSDEEP,49152:xAOZA9sAXMRPEGt60S+6lCUiGj40257NyyDhl5KrDZADcTZ:uOZAERdj6NgJheBHF,6bcd0a97bb8c444b66e686e2bceb32cccf4090f13b6b5ed778c0341e31fe9d8a,unknown,SecuriteInfo.com.Win64.Evo-gen.36984827,exe,2026-08-01 23:53:16,MalwareBazaar
MD5,be2f08950440b3bb987fc5d0999b3f1f,a94e9aca1aca0c7e006a0d8684c5423b1a3bd7e48734eee4f12f0caa3b5d901a,CoinMiner,SecuriteInfo.com.Win64.Evo-gen.64356642,exe,2026-08-01 23:53:15,MalwareBazaar
SHA-1,689a96b72e20cc501fa145637d1cdc3f76d68a3c,a94e9aca1aca0c7e006a0d8684c5423b1a3bd7e48734eee4f12f0caa3b5d901a,CoinMiner,SecuriteInfo.com.Win64.Evo-gen.64356642,exe,2026-08-01 23:53:15,MalwareBazaar
SHA-256,a94e9aca1aca0c7e006a0d8684c5423b1a3bd7e48734eee4f12f0caa3b5d901a,a94e9aca1aca0c7e006a0d8684c5423b1a3bd7e48734eee4f12f0caa3b5d901a,CoinMiner,SecuriteInfo.com.Win64.Evo-gen.64356642,exe,2026-08-01 23:53:15,MalwareBazaar
SHA3-384,78acc2157bcf628fc6a7983819c54b58b15f2eb9122e470f72bfe0b535f14647b4965f6b6129605f7c6cee8e1e74245e,a94e9aca1aca0c7e006a0d8684c5423b1a3bd7e48734eee4f12f0caa3b5d901a,CoinMiner,SecuriteInfo.com.Win64.Evo-gen.64356642,exe,2026-08-01 23:53:15,MalwareBazaar
IMPHASH,35171f6f6a1bfee47cbc04cb345c411f,a94e9aca1aca0c7e006a0d8684c5423b1a3bd7e48734eee4f12f0caa3b5d901a,CoinMiner,SecuriteInfo.com.Win64.Evo-gen.64356642,exe,2026-08-01 23:53:15,MalwareBazaar
TLSH,T1AF36338A78CF6074C48BC7A5853A306DB075BBE55B647C0A7FCD54548EAAF18A43C3CA,a94e9aca1aca0c7e006a0d8684c5423b1a3bd7e48734eee4f12f0caa3b5d901a,CoinMiner,SecuriteInfo.com.Win64.Evo-gen.64356642,exe,2026-08-01 23:53:15,MalwareBazaar
SSDEEP,98304:4cOQTlHoQK8lS9TvPcBI2jJZcTkGZ2NRT+2lqGWl0bzcncr/YQBv:4JQTKXyS9rPyPrHT+2sVWHcbQB,a94e9aca1aca0c7e006a0d8684c5423b1a3bd7e48734eee4f12f0caa3b5d901a,CoinMiner,SecuriteInfo.com.Win64.Evo-gen.64356642,exe,2026-08-01 23:53:15,MalwareBazaar
MD5,4a339cb67c78539655af90e4ff14de0e,c1fd57d1c2fa32e530ce16b95a306e98cd098e44e4599e9daa5d700d0a437814,unknown,SecuriteInfo.com.Win64.Evo-gen.37843656,exe,2026-08-01 23:53:14,MalwareBazaar
SHA-1,b539e3a90222b09bedcd2cf7484e4f63a5bf7f4d,c1fd57d1c2fa32e530ce16b95a306e98cd098e44e4599e9daa5d700d0a437814,unknown,SecuriteInfo.com.Win64.Evo-gen.37843656,exe,2026-08-01 23:53:14,MalwareBazaar
SHA-256,c1fd57d1c2fa32e530ce16b95a306e98cd098e44e4599e9daa5d700d0a437814,c1fd57d1c2fa32e530ce16b95a306e98cd098e44e4599e9daa5d700d0a437814,unknown,SecuriteInfo.com.Win64.Evo-gen.37843656,exe,2026-08-01 23:53:14,MalwareBazaar
SHA3-384,f83163e8ae798a0f627a346a17152473f40912edf2901db76882b0b6ac0c61e28371f7452243125247fd483c2ff41178,c1fd57d1c2fa32e530ce16b95a306e98cd098e44e4599e9daa5d700d0a437814,unknown,SecuriteInfo.com.Win64.Evo-gen.37843656,exe,2026-08-01 23:53:14,MalwareBazaar
IMPHASH,f5bec796b7b3c2932293afa8281cdeed,c1fd57d1c2fa32e530ce16b95a306e98cd098e44e4599e9daa5d700d0a437814,unknown,SecuriteInfo.com.Win64.Evo-gen.37843656,exe,2026-08-01 23:53:14,MalwareBazaar
TLSH,T183D523D264F65974D07BC3B28F92E87CB059BB818A608E0BF6CE7540DD23689A537770,c1fd57d1c2fa32e530ce16b95a306e98cd098e44e4599e9daa5d700d0a437814,unknown,SecuriteInfo.com.Win64.Evo-gen.37843656,exe,2026-08-01 23:53:14,MalwareBazaar
SSDEEP,49152:ypvDoNFFOpa9cEn5JTS4i1KIRyuEy9LqGQZB/pAgVLB4IM:yp7UOoD5JS4Y17Jqb/s,c1fd57d1c2fa32e530ce16b95a306e98cd098e44e4599e9daa5d700d0a437814,unknown,SecuriteInfo.com.Win64.Evo-gen.37843656,exe,2026-08-01 23:53:14,MalwareBazaar
MD5,2c5a4089bafd03e67e7afdad3985523f,b193be680eff393e70bd8dba2b8b1d84249b729191aa8a5014ab884360cdc9c3,unknown,SecuriteInfo.com.Win64.Evo-gen.79735182,exe,2026-08-01 23:53:12,MalwareBazaar
SHA-1,c16f7496e4cf87e816b98f0bb134ac77e577e1c1,b193be680eff393e70bd8dba2b8b1d84249b729191aa8a5014ab884360cdc9c3,unknown,SecuriteInfo.com.Win64.Evo-gen.79735182,exe,2026-08-01 23:53:12,MalwareBazaar
SHA-256,b193be680eff393e70bd8dba2b8b1d84249b729191aa8a5014ab884360cdc9c3,b193be680eff393e70bd8dba2b8b1d84249b729191aa8a5014ab884360cdc9c3,unknown,SecuriteInfo.com.Win64.Evo-gen.79735182,exe,2026-08-01 23:53:12,MalwareBazaar
SHA3-384,f6c3ec6dafea2fcf9851466d1b8b7a6a7a137cd8aaddc8fef1d3db70b74b1ed229708f33b31d3d20c5b504dc7225ebd7,b193be680eff393e70bd8dba2b8b1d84249b729191aa8a5014ab884360cdc9c3,unknown,SecuriteInfo.com.Win64.Evo-gen.79735182,exe,2026-08-01 23:53:12,MalwareBazaar
IMPHASH,44140cbbe125df54636c585913f74c75,b193be680eff393e70bd8dba2b8b1d84249b729191aa8a5014ab884360cdc9c3,unknown,SecuriteInfo.com.Win64.Evo-gen.79735182,exe,2026-08-01 23:53:12,MalwareBazaar
TLSH,T192D5239A79FA0930C877C3B29F03F07DB01ABB5A8B618D47F6D865109E136986437772,b193be680eff393e70bd8dba2b8b1d84249b729191aa8a5014ab884360cdc9c3,unknown,SecuriteInfo.com.Win64.Evo-gen.79735182,exe,2026-08-01 23:53:12,MalwareBazaar
SSDEEP,49152:8KtbOOWSuMJSPPDfV3uiW+BQg2iUO9xvBSOjO/YD8IGMpIzYzeFaIh9:1bjAXdVW+CkBLBSEOqQUI,b193be680eff393e70bd8dba2b8b1d84249b729191aa8a5014ab884360cdc9c3,unknown,SecuriteInfo.com.Win64.Evo-gen.79735182,exe,2026-08-01 23:53:12,MalwareBazaar
MD5,1a5e935a2545bde844f7aa04d6bce296,0ec1ed0daf72e7f3b2a9afb44d8e2de77b97b126788e54e0cb948cc176de91ba,NanoCore,1a5e935a2545bde844f7aa04d6bce296.exe,exe,2026-08-01 23:45:05,MalwareBazaar
SHA-1,31943eb5d52b7f2af3f21db0a2d078899274033b,0ec1ed0daf72e7f3b2a9afb44d8e2de77b97b126788e54e0cb948cc176de91ba,NanoCore,1a5e935a2545bde844f7aa04d6bce296.exe,exe,2026-08-01 23:45:05,MalwareBazaar
SHA-256,0ec1ed0daf72e7f3b2a9afb44d8e2de77b97b126788e54e0cb948cc176de91ba,0ec1ed0daf72e7f3b2a9afb44d8e2de77b97b126788e54e0cb948cc176de91ba,NanoCore,1a5e935a2545bde844f7aa04d6bce296.exe,exe,2026-08-01 23:45:05,MalwareBazaar
SHA3-384,ee8a5a2659f9e907265e8387263e401fa38b7d836fa37eec76d75b271596ef89cf3b2a2519460411a38d134afa38c2a7,0ec1ed0daf72e7f3b2a9afb44d8e2de77b97b126788e54e0cb948cc176de91ba,NanoCore,1a5e935a2545bde844f7aa04d6bce296.exe,exe,2026-08-01 23:45:05,MalwareBazaar
IMPHASH,f34d5f2d4577ed6d9ceec516c1f5a744,0ec1ed0daf72e7f3b2a9afb44d8e2de77b97b126788e54e0cb948cc176de91ba,NanoCore,1a5e935a2545bde844f7aa04d6bce296.exe,exe,2026-08-01 23:45:05,MalwareBazaar
TLSH,T1E614CF6677A8492FE2DE867D601212529379C2E39CC3F3EE58D854B38F227E44A071D3,0ec1ed0daf72e7f3b2a9afb44d8e2de77b97b126788e54e0cb948cc176de91ba,NanoCore,1a5e935a2545bde844f7aa04d6bce296.exe,exe,2026-08-01 23:45:05,MalwareBazaar
SSDEEP,3072:MzEqV6B1jHa6dtJ10jgvzcgi+oG/j9iaMP2s/HIAHwKNdlIhtRSE8KaDtyvLGVQd:MLV6Bta6dtJmakIM5zTw37ax4L24,0ec1ed0daf72e7f3b2a9afb44d8e2de77b97b126788e54e0cb948cc176de91ba,NanoCore,1a5e935a2545bde844f7aa04d6bce296.exe,exe,2026-08-01 23:45:05,MalwareBazaar
MD5,3b37fec109ca8e946266eb1bdf8ac1cd,0f0fd4870160fab8ca35512ecef8425e8c0e733f7a771109598e8efa36fc42e3,RustyStealer,nvidia-runtimer.exe,exe,2026-08-01 23:33:16,MalwareBazaar
SHA-1,0c1e615682656ef0567acd7a9dc4a1336cd67831,0f0fd4870160fab8ca35512ecef8425e8c0e733f7a771109598e8efa36fc42e3,RustyStealer,nvidia-runtimer.exe,exe,2026-08-01 23:33:16,MalwareBazaar
SHA-256,0f0fd4870160fab8ca35512ecef8425e8c0e733f7a771109598e8efa36fc42e3,0f0fd4870160fab8ca35512ecef8425e8c0e733f7a771109598e8efa36fc42e3,RustyStealer,nvidia-runtimer.exe,exe,2026-08-01 23:33:16,MalwareBazaar
SHA3-384,ed2dd0147e95d433e6f8ae77322392b45ae310b5af1ec5af0091c5385a3b6e0276bf346ce525bacc42c79c5e2280168f,0f0fd4870160fab8ca35512ecef8425e8c0e733f7a771109598e8efa36fc42e3,RustyStealer,nvidia-runtimer.exe,exe,2026-08-01 23:33:16,MalwareBazaar
IMPHASH,246a347f07eeee769d4ff08b3997a170,0f0fd4870160fab8ca35512ecef8425e8c0e733f7a771109598e8efa36fc42e3,RustyStealer,nvidia-runtimer.exe,exe,2026-08-01 23:33:16,MalwareBazaar
TLSH,T17CA65B43F6A291ECC16AC074835A6233FB72B84907217AEB57D486313F52FE06A7D719,0f0fd4870160fab8ca35512ecef8425e8c0e733f7a771109598e8efa36fc42e3,RustyStealer,nvidia-runtimer.exe,exe,2026-08-01 23:33:16,MalwareBazaar
SSDEEP,98304:YHKJElk0e+uXuzE9/c3m9u9CNJ4H3Fdyr0g3FMzCFoDC2rA/95Bn+:USMcNI42zCCDCWA/B,0f0fd4870160fab8ca35512ecef8425e8c0e733f7a771109598e8efa36fc42e3,RustyStealer,nvidia-runtimer.exe,exe,2026-08-01 23:33:16,MalwareBazaar
ICON-DHASH,9cf0c096b0c2bec0,0f0fd4870160fab8ca35512ecef8425e8c0e733f7a771109598e8efa36fc42e3,RustyStealer,nvidia-runtimer.exe,exe,2026-08-01 23:33:16,MalwareBazaar
MD5,0290e0528b1394e8346ee34023e98575,43520016f45b231de67e5797be498a3fe9a473952db29de40c6223291149a86c,unknown,ipxroute.exe,exe,2026-08-01 23:25:25,MalwareBazaar
SHA-256,43520016f45b231de67e5797be498a3fe9a473952db29de40c6223291149a86c,43520016f45b231de67e5797be498a3fe9a473952db29de40c6223291149a86c,unknown,ipxroute.exe,exe,2026-08-01 23:25:25,MalwareBazaar
MD5,b3f915597152c11f877fd3dff8c4ad97,400fc5b426841f1fa22ed8c3293638186754caea8d8d4ec7d3bab45c51cef08a,unknown,searchindexer.exe,exe,2026-08-01 23:25:17,MalwareBazaar
SHA-256,400fc5b426841f1fa22ed8c3293638186754caea8d8d4ec7d3bab45c51cef08a,400fc5b426841f1fa22ed8c3293638186754caea8d8d4ec7d3bab45c51cef08a,unknown,searchindexer.exe,exe,2026-08-01 23:25:17,MalwareBazaar
MD5,1e6915867800e87047a23fd0b3b6a86a,bfdb1d343244c126b015fb25d6fcf60433969318f137bac6f489a56b6035d619,unknown,mblctr.exe,exe,2026-08-01 23:25:12,MalwareBazaar
SHA-256,bfdb1d343244c126b015fb25d6fcf60433969318f137bac6f489a56b6035d619,bfdb1d343244c126b015fb25d6fcf60433969318f137bac6f489a56b6035d619,unknown,mblctr.exe,exe,2026-08-01 23:25:12,MalwareBazaar
MD5,5c1a50a443d4ef189f0be5d5a7b25014,2f68440b8f04e649f3b24d562459e7a63d04ca41ca643f6b8075b8f0851e0ab8,unknown,expand.exe,exe,2026-08-01 23:25:11,MalwareBazaar
SHA-1,a88696a78e93360aa75ad99b8627b979195d7ff6,2f68440b8f04e649f3b24d562459e7a63d04ca41ca643f6b8075b8f0851e0ab8,unknown,expand.exe,exe,2026-08-01 23:25:11,MalwareBazaar
SHA-256,2f68440b8f04e649f3b24d562459e7a63d04ca41ca643f6b8075b8f0851e0ab8,2f68440b8f04e649f3b24d562459e7a63d04ca41ca643f6b8075b8f0851e0ab8,unknown,expand.exe,exe,2026-08-01 23:25:11,MalwareBazaar
SHA3-384,0f4e1f7b6a0826dc91f8246910da526f6267bad95a3617e85f0739f121539fadcd53b6c3f85b7d95a559b99966577a32,2f68440b8f04e649f3b24d562459e7a63d04ca41ca643f6b8075b8f0851e0ab8,unknown,expand.exe,exe,2026-08-01 23:25:11,MalwareBazaar
IMPHASH,cf72283be50852e418ce6bbb6b645835,2f68440b8f04e649f3b24d562459e7a63d04ca41ca643f6b8075b8f0851e0ab8,unknown,expand.exe,exe,2026-08-01 23:25:11,MalwareBazaar
TLSH,T194463308B3E809E2E9B3D039C5565621D573B5254BB0D1CF03AC9A762F676E0AF3BB50,2f68440b8f04e649f3b24d562459e7a63d04ca41ca643f6b8075b8f0851e0ab8,unknown,expand.exe,exe,2026-08-01 23:25:11,MalwareBazaar
SSDEEP,98304:bugt2RLICDtPfeE/jowqK5LN1KQ0oTh2M9QrABlolllbHSZMPM66J:PEICteErownP0oTcMsABqlBn6,2f68440b8f04e649f3b24d562459e7a63d04ca41ca643f6b8075b8f0851e0ab8,unknown,expand.exe,exe,2026-08-01 23:25:11,MalwareBazaar
ICON-DHASH,c6c2ccc4f4e0e0f8,2f68440b8f04e649f3b24d562459e7a63d04ca41ca643f6b8075b8f0851e0ab8,unknown,expand.exe,exe,2026-08-01 23:25:11,MalwareBazaar
MD5,7aa3c4fb8fad3005c8542b88080a3eaf,c8afe6e024d71b3c6fc185f73f5a676cfd2e06feff560ed77d5b048d489a5397,unknown,w32tm.exe,exe,2026-08-01 23:25:05,MalwareBazaar
SHA-256,c8afe6e024d71b3c6fc185f73f5a676cfd2e06feff560ed77d5b048d489a5397,c8afe6e024d71b3c6fc185f73f5a676cfd2e06feff560ed77d5b048d489a5397,unknown,w32tm.exe,exe,2026-08-01 23:25:05,MalwareBazaar
MD5,f370beeec713cac0029e11714d5a116d,d441c338d7af4ac5301081e9a91723fd1ab303ff59162a4e09b31b48c6f87267,unknown,msdt.exe,exe,2026-08-01 23:25:02,MalwareBazaar
SHA-256,d441c338d7af4ac5301081e9a91723fd1ab303ff59162a4e09b31b48c6f87267,d441c338d7af4ac5301081e9a91723fd1ab303ff59162a4e09b31b48c6f87267,unknown,msdt.exe,exe,2026-08-01 23:25:02,MalwareBazaar
MD5,509c1d22c8531ad79ee67d83d042c193,373ca0a0e89006ec968611fb0c15a569e3c12f338292df69fbeba45d0db37828,unknown,qwinsta.exe,exe,2026-08-01 23:24:59,MalwareBazaar
SHA-256,373ca0a0e89006ec968611fb0c15a569e3c12f338292df69fbeba45d0db37828,373ca0a0e89006ec968611fb0c15a569e3c12f338292df69fbeba45d0db37828,unknown,qwinsta.exe,exe,2026-08-01 23:24:59,MalwareBazaar
MD5,ae9a9e316d414401b633f70de7d23c35,9d88e9dd9f5fab20b1ec58533231e33c5307057cd8dd98046fff7e2c19442a9c,unknown,wuauclt.exe,exe,2026-08-01 23:24:56,MalwareBazaar
SHA-256,9d88e9dd9f5fab20b1ec58533231e33c5307057cd8dd98046fff7e2c19442a9c,9d88e9dd9f5fab20b1ec58533231e33c5307057cd8dd98046fff7e2c19442a9c,unknown,wuauclt.exe,exe,2026-08-01 23:24:56,MalwareBazaar
MD5,db5184df2e9d747376554a4877983cb6,38e3500020a3b0e9747fca7a7c85cf51e4e1c29c0fcce2da19b1376e5ebc9f0a,unknown,ipconfig.exe,exe,2026-08-01 23:24:45,MalwareBazaar
SHA-256,38e3500020a3b0e9747fca7a7c85cf51e4e1c29c0fcce2da19b1376e5ebc9f0a,38e3500020a3b0e9747fca7a7c85cf51e4e1c29c0fcce2da19b1376e5ebc9f0a,unknown,ipconfig.exe,exe,2026-08-01 23:24:45,MalwareBazaar
MD5,704ea1143d7aea6bc5e7476889ecaf1e,fd1c66931da5e03116d24e861246d8d8c5f398cd6e73e47b06f04afcf372ec20,unknown,winver.exe,exe,2026-08-01 23:24:33,MalwareBazaar
SHA-256,fd1c66931da5e03116d24e861246d8d8c5f398cd6e73e47b06f04afcf372ec20,fd1c66931da5e03116d24e861246d8d8c5f398cd6e73e47b06f04afcf372ec20,unknown,winver.exe,exe,2026-08-01 23:24:33,MalwareBazaar
MD5,f793880330f0b3b35dac75dd97727ea9,872cf388fa9db1f2045d9cb6b70d46f6b0d582ae434d86417956f45220620ca7,unknown,cmd.exe,exe,2026-08-01 23:24:18,MalwareBazaar
SHA-256,872cf388fa9db1f2045d9cb6b70d46f6b0d582ae434d86417956f45220620ca7,872cf388fa9db1f2045d9cb6b70d46f6b0d582ae434d86417956f45220620ca7,unknown,cmd.exe,exe,2026-08-01 23:24:18,MalwareBazaar
MD5,e00535389e02712fcf6d2e1458c84be3,523d5347de7d2a9f4de3f66e5c108c0ab268b11ff251cef94457a0907da0b048,unknown,spoolsv.exe,exe,2026-08-01 23:24:11,MalwareBazaar
SHA-256,523d5347de7d2a9f4de3f66e5c108c0ab268b11ff251cef94457a0907da0b048,523d5347de7d2a9f4de3f66e5c108c0ab268b11ff251cef94457a0907da0b048,unknown,spoolsv.exe,exe,2026-08-01 23:24:11,MalwareBazaar
MD5,17e26e05477009fa87f9bc4ca4baa374,fd1063e2d8af2eedaf59f388ac4534f27d3933ca3e6e244f7be056044e685c13,unknown,icacls.exe,exe,2026-08-01 23:24:11,MalwareBazaar
SHA-256,fd1063e2d8af2eedaf59f388ac4534f27d3933ca3e6e244f7be056044e685c13,fd1063e2d8af2eedaf59f388ac4534f27d3933ca3e6e244f7be056044e685c13,unknown,icacls.exe,exe,2026-08-01 23:24:11,MalwareBazaar
MD5,b68a6b6b97930d21bd7078985ee380c9,5630f2a1acdc21427d6259e9040bfb9f6959640b5a8f58576f36cca7c25bc99a,unknown,mmc.exe,exe,2026-08-01 23:24:01,MalwareBazaar
SHA-256,5630f2a1acdc21427d6259e9040bfb9f6959640b5a8f58576f36cca7c25bc99a,5630f2a1acdc21427d6259e9040bfb9f6959640b5a8f58576f36cca7c25bc99a,unknown,mmc.exe,exe,2026-08-01 23:24:01,MalwareBazaar
MD5,c7ad0fa61443bde12b789ba02f8786c0,bd9bc8659065964c42e3eb062e79d46d4f368e802dc68d9232d86e01b0ee5342,unknown,eventvwr.exe,exe,2026-08-01 23:23:56,MalwareBazaar
SHA-1,3c41d0e8a3b71a8e042d6c4a1e125f8a448dc47a,bd9bc8659065964c42e3eb062e79d46d4f368e802dc68d9232d86e01b0ee5342,unknown,eventvwr.exe,exe,2026-08-01 23:23:56,MalwareBazaar
SHA-256,bd9bc8659065964c42e3eb062e79d46d4f368e802dc68d9232d86e01b0ee5342,bd9bc8659065964c42e3eb062e79d46d4f368e802dc68d9232d86e01b0ee5342,unknown,eventvwr.exe,exe,2026-08-01 23:23:56,MalwareBazaar
SHA3-384,c5ac13f9ec04209ad4c9c0b58ed8db1df36386828d931a95907dde55463301af8de0ec6cd4a29f4b446c7929475f6ad6,bd9bc8659065964c42e3eb062e79d46d4f368e802dc68d9232d86e01b0ee5342,unknown,eventvwr.exe,exe,2026-08-01 23:23:56,MalwareBazaar
IMPHASH,cf72283be50852e418ce6bbb6b645835,bd9bc8659065964c42e3eb062e79d46d4f368e802dc68d9232d86e01b0ee5342,unknown,eventvwr.exe,exe,2026-08-01 23:23:56,MalwareBazaar
TLSH,T1A8463308B3A809D6E6B3D53D81565211D872B4264BB0D2CF43AC9B662F777D0AE3FB50,bd9bc8659065964c42e3eb062e79d46d4f368e802dc68d9232d86e01b0ee5342,unknown,eventvwr.exe,exe,2026-08-01 23:23:56,MalwareBazaar
SSDEEP,98304:6CgtvzICDtPfeE/jowqK5LN1KQ0oTh2M9QrABlolllXHhM3wh6zrq:k7ICteErownP0oTcMsABqlkgcze,bd9bc8659065964c42e3eb062e79d46d4f368e802dc68d9232d86e01b0ee5342,unknown,eventvwr.exe,exe,2026-08-01 23:23:56,MalwareBazaar
ICON-DHASH,c6c2ccc4f4e0e0f8,bd9bc8659065964c42e3eb062e79d46d4f368e802dc68d9232d86e01b0ee5342,unknown,eventvwr.exe,exe,2026-08-01 23:23:56,MalwareBazaar
MD5,afac74635e2cc6fb371c51c6a905f310,209794740e72dc14164fcb4c9cc8329e036dfe3e786c3f17c64eddd749f6f071,unknown,chkdsk.exe,exe,2026-08-01 23:23:55,MalwareBazaar
SHA-256,209794740e72dc14164fcb4c9cc8329e036dfe3e786c3f17c64eddd749f6f071,209794740e72dc14164fcb4c9cc8329e036dfe3e786c3f17c64eddd749f6f071,unknown,chkdsk.exe,exe,2026-08-01 23:23:55,MalwareBazaar
MD5,61844ba5da6717cd7e52902c3ccde171,600b2f3979aa534bcfac6faea5da715d48b14c1a081ffaebdf7732b354797a79,unknown,vssadmin.exe,exe,2026-08-01 23:23:47,MalwareBazaar
SHA-256,600b2f3979aa534bcfac6faea5da715d48b14c1a081ffaebdf7732b354797a79,600b2f3979aa534bcfac6faea5da715d48b14c1a081ffaebdf7732b354797a79,unknown,vssadmin.exe,exe,2026-08-01 23:23:47,MalwareBazaar
MD5,518dc6f4c1c867ee5e96682523201209,0ac2dd4e7b97149caba8e0e2af7c41f3d98023873ebdea1122c8a28b7a2ac198,unknown,lpq.exe,exe,2026-08-01 23:23:42,MalwareBazaar
SHA-256,0ac2dd4e7b97149caba8e0e2af7c41f3d98023873ebdea1122c8a28b7a2ac198,0ac2dd4e7b97149caba8e0e2af7c41f3d98023873ebdea1122c8a28b7a2ac198,unknown,lpq.exe,exe,2026-08-01 23:23:42,MalwareBazaar
MD5,c65edd48805362e830d91bb1d0f9ae07,9115a6e66a79b24af7a2596f82fe39013d67e6bd14009d52c8f377c4cc5fc6b7,unknown,telnet.exe,exe,2026-08-01 23:23:42,MalwareBazaar
SHA-256,9115a6e66a79b24af7a2596f82fe39013d67e6bd14009d52c8f377c4cc5fc6b7,9115a6e66a79b24af7a2596f82fe39013d67e6bd14009d52c8f377c4cc5fc6b7,unknown,telnet.exe,exe,2026-08-01 23:23:42,MalwareBazaar
MD5,ed706ea71fc22ff750877f7b34ca59b5,aeed1f8809aeecf255a9409743d560b94bdee20a37b2670f9c37b755b2422a99,unknown,regsvr32.exe,exe,2026-08-01 23:23:32,MalwareBazaar
SHA-256,aeed1f8809aeecf255a9409743d560b94bdee20a37b2670f9c37b755b2422a99,aeed1f8809aeecf255a9409743d560b94bdee20a37b2670f9c37b755b2422a99,unknown,regsvr32.exe,exe,2026-08-01 23:23:32,MalwareBazaar
MD5,ae7c58f615880e907772ef9c5673354a,50d79d022c8f149e3d28f645b32925377df42f8ccd71905a8a73862172d4c893,unknown,forfiles.exe,exe,2026-08-01 23:23:13,MalwareBazaar
SHA-256,50d79d022c8f149e3d28f645b32925377df42f8ccd71905a8a73862172d4c893,50d79d022c8f149e3d28f645b32925377df42f8ccd71905a8a73862172d4c893,unknown,forfiles.exe,exe,2026-08-01 23:23:13,MalwareBazaar
MD5,9831260de4e5c2e2c620b1a92e5e9a32,5a756182c6ed8a913fe6ee79892d07b1e71cd8e20ca8096927c3cd150d4a8ba2,unknown,bcdedit.exe,exe,2026-08-01 23:23:09,MalwareBazaar
SHA-256,5a756182c6ed8a913fe6ee79892d07b1e71cd8e20ca8096927c3cd150d4a8ba2,5a756182c6ed8a913fe6ee79892d07b1e71cd8e20ca8096927c3cd150d4a8ba2,unknown,bcdedit.exe,exe,2026-08-01 23:23:09,MalwareBazaar
MD5,6c6471fb9507d46b98088d789eb0a8fe,60192de00b87c9684aa653ea15ea60640d0b6497bc855efd5fc66272f0d17d35,unknown,sysprep.exe,exe,2026-08-01 23:23:01,MalwareBazaar
SHA-256,60192de00b87c9684aa653ea15ea60640d0b6497bc855efd5fc66272f0d17d35,60192de00b87c9684aa653ea15ea60640d0b6497bc855efd5fc66272f0d17d35,unknown,sysprep.exe,exe,2026-08-01 23:23:01,MalwareBazaar
MD5,a33faf605da382fb0003356b167d5e74,a3c6726b13bf4a7904ab8bd91f6d2d7596ab005cba246b2a59ee318ba727fff8,unknown,vds.exe,exe,2026-08-01 23:22:58,MalwareBazaar
SHA-256,a3c6726b13bf4a7904ab8bd91f6d2d7596ab005cba246b2a59ee318ba727fff8,a3c6726b13bf4a7904ab8bd91f6d2d7596ab005cba246b2a59ee318ba727fff8,unknown,vds.exe,exe,2026-08-01 23:22:58,MalwareBazaar
MD5,58a01ebace0949d14a73b077be98013a,fabfa7b111d9105d9d40091ae62151c5b882e7115eb5e3d27e18e0228600a515,unknown,sfc.exe,exe,2026-08-01 23:22:53,MalwareBazaar
SHA-256,fabfa7b111d9105d9d40091ae62151c5b882e7115eb5e3d27e18e0228600a515,fabfa7b111d9105d9d40091ae62151c5b882e7115eb5e3d27e18e0228600a515,unknown,sfc.exe,exe,2026-08-01 23:22:53,MalwareBazaar
MD5,06aede3c96e3f0951339fc71c2521ba9,fa1115eb9670ae43ecba6f995c78ce6ffa7ff101fea1373d082b66d531c5c288,unknown,tscon.exe,exe,2026-08-01 23:22:44,MalwareBazaar
SHA-256,fa1115eb9670ae43ecba6f995c78ce6ffa7ff101fea1373d082b66d531c5c288,fa1115eb9670ae43ecba6f995c78ce6ffa7ff101fea1373d082b66d531c5c288,unknown,tscon.exe,exe,2026-08-01 23:22:44,MalwareBazaar
MD5,dbccad4eb9b77c1bd99442da8417f0cb,03e37a82cf86dab6c21f370985eb86698ee8aadd1910cab7e3a17cce5a385248,unknown,msiexec.exe,exe,2026-08-01 23:22:37,MalwareBazaar
SHA-256,03e37a82cf86dab6c21f370985eb86698ee8aadd1910cab7e3a17cce5a385248,03e37a82cf86dab6c21f370985eb86698ee8aadd1910cab7e3a17cce5a385248,unknown,msiexec.exe,exe,2026-08-01 23:22:37,MalwareBazaar
MD5,e71a0e198e0eb52a961502c408a90f25,8fd8ed7459c026a542e961e2d3f4f4f9d5378ac3ba587d885e94270314837cf1,unknown,diskpart.exe,exe,2026-08-01 23:22:33,MalwareBazaar
SHA-256,8fd8ed7459c026a542e961e2d3f4f4f9d5378ac3ba587d885e94270314837cf1,8fd8ed7459c026a542e961e2d3f4f4f9d5378ac3ba587d885e94270314837cf1,unknown,diskpart.exe,exe,2026-08-01 23:22:33,MalwareBazaar
MD5,ad2d720ff9c77eb3a2ccddb16439924d,cd9f53a2acc32016d8976a0d501e0a63d25c3cc04a07a7cb89ee2bd992b78e91,unknown,ntmsmgr.exe,exe,2026-08-01 23:22:28,MalwareBazaar
SHA-256,cd9f53a2acc32016d8976a0d501e0a63d25c3cc04a07a7cb89ee2bd992b78e91,cd9f53a2acc32016d8976a0d501e0a63d25c3cc04a07a7cb89ee2bd992b78e91,unknown,ntmsmgr.exe,exe,2026-08-01 23:22:28,MalwareBazaar
MD5,96b6238262e8c0dcab3fee65217fab63,895c874d5391cb3f363e9257252598ee62c3346f4cfa54270fa049f5cd09cd88,unknown,imapi.exe,exe,2026-08-01 23:22:23,MalwareBazaar
SHA-256,895c874d5391cb3f363e9257252598ee62c3346f4cfa54270fa049f5cd09cd88,895c874d5391cb3f363e9257252598ee62c3346f4cfa54270fa049f5cd09cd88,unknown,imapi.exe,exe,2026-08-01 23:22:23,MalwareBazaar
MD5,47b6873a6d3bf039c9f12ecfd9e3773d,a1a8db5386e8c36ce4592ab20113b2988e8fa17f36889654f525589a6d382568,unknown,mblctr.exe,exe,2026-08-01 23:22:23,MalwareBazaar
SHA-1,b5fd44120fd04bb945c8f78d3ad6075aa71a38e9,a1a8db5386e8c36ce4592ab20113b2988e8fa17f36889654f525589a6d382568,unknown,mblctr.exe,exe,2026-08-01 23:22:23,MalwareBazaar
SHA-256,a1a8db5386e8c36ce4592ab20113b2988e8fa17f36889654f525589a6d382568,a1a8db5386e8c36ce4592ab20113b2988e8fa17f36889654f525589a6d382568,unknown,mblctr.exe,exe,2026-08-01 23:22:23,MalwareBazaar
SHA3-384,6ce34a3e21f1bdf9634536c379c69ee76e877dea149d00bee9741b0e48af111dab4c6b6549c0196d4ee43a69227bc5ce,a1a8db5386e8c36ce4592ab20113b2988e8fa17f36889654f525589a6d382568,unknown,mblctr.exe,exe,2026-08-01 23:22:23,MalwareBazaar
IMPHASH,cf72283be50852e418ce6bbb6b645835,a1a8db5386e8c36ce4592ab20113b2988e8fa17f36889654f525589a6d382568,unknown,mblctr.exe,exe,2026-08-01 23:22:23,MalwareBazaar
TLSH,T170463308B3A808E1FAB3D13985565221D873B4254BF0D5CB43AC9B762F677E0AE3B754,a1a8db5386e8c36ce4592ab20113b2988e8fa17f36889654f525589a6d382568,unknown,mblctr.exe,exe,2026-08-01 23:22:23,MalwareBazaar
SSDEEP,98304:ZkgtzTTICDtPfeE/jowqK5LN1KQ0oTh2M9QrABlolllVHlMz2i6zm:rPTICteErownP0oTcMsABqlSKtz,a1a8db5386e8c36ce4592ab20113b2988e8fa17f36889654f525589a6d382568,unknown,mblctr.exe,exe,2026-08-01 23:22:23,MalwareBazaar
ICON-DHASH,c6c2ccc4f4e0e0f8,a1a8db5386e8c36ce4592ab20113b2988e8fa17f36889654f525589a6d382568,unknown,mblctr.exe,exe,2026-08-01 23:22:23,MalwareBazaar
MD5,659f233dfb806ecb59c7d4edc69e4c5a,1a382dd04ce22d5d7ef9dacb37bb59277eff58462a27ef282a86d013a0bfb9ad,unknown,wevtutil.exe,exe,2026-08-01 23:22:19,MalwareBazaar
SHA-256,1a382dd04ce22d5d7ef9dacb37bb59277eff58462a27ef282a86d013a0bfb9ad,1a382dd04ce22d5d7ef9dacb37bb59277eff58462a27ef282a86d013a0bfb9ad,unknown,wevtutil.exe,exe,2026-08-01 23:22:19,MalwareBazaar
MD5,532c8a1a050bf208d35148b66c301825,dbd47856ff60b3116575b28a7f385ee530e40d7048a8bffce22283ea9dee8629,unknown,powershell_ise.exe,exe,2026-08-01 23:22:15,MalwareBazaar
SHA-256,dbd47856ff60b3116575b28a7f385ee530e40d7048a8bffce22283ea9dee8629,dbd47856ff60b3116575b28a7f385ee530e40d7048a8bffce22283ea9dee8629,unknown,powershell_ise.exe,exe,2026-08-01 23:22:15,MalwareBazaar
MD5,a147cdbef2746bc96441df2231a56e45,c690250a8818a2685c5dd6d3a89b8f00588ee2c593440ee6c0a232425af0f7c9,unknown,xwizard.exe,exe,2026-08-01 23:22:11,MalwareBazaar
SHA-256,c690250a8818a2685c5dd6d3a89b8f00588ee2c593440ee6c0a232425af0f7c9,c690250a8818a2685c5dd6d3a89b8f00588ee2c593440ee6c0a232425af0f7c9,unknown,xwizard.exe,exe,2026-08-01 23:22:11,MalwareBazaar
